年月日,東京最高気温(℃),東京最高気温(℃)品質情報,東京最高気温(℃)均質番号,東京最低気温(℃),東京最低気温(℃)品質情報,東京最低気温(℃)均質番号,東京平均気温(℃),東京平均気温(℃)品質情報,東京平均気温(℃)均質番号,東京降水量の合計(mm),東京降水量の合計(mm)現象なし情報,東京降水量の合計(mm)品質情報,東京降水量の合計(mm)均質番号,東京日照時間(時間),東京日照時間(時間)現象なし情報,東京日照時間(時間)品質情報,東京日照時間(時間)均質番号,東京平均風速(m/s),東京平均風速(m/s)品質情報,東京平均風速(m/s)均質番号,東京最大風速(m/s),東京最大風速(m/s)品質情報,東京最大風速(m/s),東京最大風速(m/s)品質情報,東京最大風速(m/s)均質番号,東京最大瞬間風速(m/s),東京最大瞬間風速(m/s)品質情報,東京最大瞬間風速(m/s),東京最大瞬間風速(m/s)品質情報,東京最大瞬間風速(m/s)均質番号,東京最多風向(16方位),東京最多風向(16方位)品質情報,東京最多風向(16方位)均質番号,東京平均蒸気圧(hPa),東京平均蒸気圧(hPa)品質情報,東京平均蒸気圧(hPa)均質番号,東京平均湿度(％),東京平均湿度(％)品質情報,東京平均湿度(％)均質番号,東京最小相対湿度(％),東京最小相対湿度(％)品質情報,東京最小相対湿度(％)均質番号,東京平均現地気圧(hPa),東京平均現地気圧(hPa)品質情報,東京平均現地気圧(hPa)均質番号,東京平均海面気圧(hPa),東京平均海面気圧(hPa)品質情報,東京平均海面気圧(hPa)均質番号,東京最低海面気圧(hPa),東京最低海面気圧(hPa)現象なし情報,東京最低海面気圧(hPa)品質情報,東京最低海面気圧(hPa)均質番号,東京平均雲量(10分比),東京平均雲量(10分比)品質情報,東京平均雲量(10分比)均質番号,東京天気概況(昼：06時〜18時),東京天気概況(昼：06時〜18時)品質情報,東京天気概況(昼：06時〜18時)均質番号,東京天気概況(夜：18時〜翌日06時),東京天気概況(夜：18時〜翌日06時)品質情報,東京天気概況(夜：18時〜翌日06時)均質番号,東京10分間降水量の最大(mm),東京10分間降水量の最大(mm)現象なし情報,東京10分間降水量の最大(mm)品質情報,東京10分間降水量の最大(mm)均質番号
2015/1/1,8.2,8,1,0.7,8,1,3.7,8,1,0,0,8,1,1.3,0,8,1,4.4,8,1,9.4,8,北西,8,1,18.7,8,北北西,8,1,北西,8,1,3.3,8,1,41,8,1,30,8,1,1000.4,8,1,1003.4,8,1,995,0,8,1,3.8,8,1,曇時々晴一時雪,8,1,快晴,8,1,0,0,8,1
2015/1/2,7.9,8,1,-2.2,8,1,2.7,8,1,0,1,8,1,6,0,8,1,2.1,8,1,4.2,8,北西,8,1,7.8,8,北西,8,1,北西,8,1,3,8,1,41,8,1,19,8,1,1007.4,8,1,1010.4,8,1,1008,0,8,1,5,8,1,晴時々曇,8,1,晴一時曇,8,1,0,1,8,1
2015/1/3,8.9,8,1,-1.1,8,1,3.8,8,1,0,1,8,1,8.9,0,8,1,3,8,1,7.4,8,西北西,8,1,10.9,8,西北西,8,1,北西,8,1,3.2,8,1,42,8,1,19,8,1,1012,8,1,1015.1,8,1,1010.2,0,8,1,0,8,1,快晴,8,1,晴後薄曇,8,1,0,1,8,1
2015/1/4,9.3,8,1,-0.4,8,1,4,8,1,0,1,8,1,6,0,8,1,1.3,8,1,2.8,8,西北西,8,1,3.8,8,北北東,8,1,北北西,8,1,4.1,8,1,51,8,1,33,8,1,1010.4,8,1,1013.4,8,1,1010.6,0,8,1,5.3,8,1,曇後晴,8,1,快晴,8,1,0,1,8,1
2015/1/5,12.9,8,1,1.3,8,1,6.9,8,1,0,1,8,1,8.9,0,8,1,2.4,8,1,5,8,北北西,8,1,9.1,8,北北西,8,1,南南東,8,1,5.4,8,1,56,8,1,29,8,1,1014.6,8,1,1017.5,8,1,1013.6,0,8,1,2.5,8,1,快晴,8,1,曇一時晴,8,1,0,1,8,1
2015/1/6,16,8,1,5.8,8,1,10.8,8,1,6.5,0,8,1,0.2,0,8,1,5.2,8,1,8.9,8,南南西,8,1,19.3,8,南,8,1,南南西,8,1,8.6,8,1,64,8,1,40,8,1,1000.6,8,1,1003.5,8,1,993.6,0,8,1,8,8,1,曇後時々雨,8,1,曇時々晴,8,1,1.5,0,8,1
2015/1/7,10.2,8,1,3,8,1,5.6,8,1,0,1,8,1,3.3,0,8,1,4.2,8,1,7,8,北北西,8,1,16.1,8,北北西,8,1,北北西,8,1,3.2,8,1,35,8,1,23,8,1,1000.5,8,1,1003.4,8,1,999,0,8,1,4.8,8,1,晴時々曇,8,1,快晴,8,1,0,1,8,1
2015/1/8,11.2,8,1,2,8,1,6.2,8,1,0,1,8,1,8.9,0,8,1,4.4,8,1,8.4,8,北西,8,1,13.6,8,北北西,8,1,北西,8,1,3,8,1,33,8,1,20,8,1,1006.2,8,1,1009.2,8,1,1007,0,8,1,0,8,1,快晴,8,1,快晴,8,1,0,1,8,1
2015/1/9,11,8,1,3.5,8,1,6.7,8,1,0,1,8,1,8.9,0,8,1,4.1,8,1,8.1,8,北西,8,1,14.4,8,北西,8,1,北西,8,1,3,8,1,31,8,1,21,8,1,1008.2,8,1,1011.2,8,1,1009.5,0,8,1,0,8,1,快晴,8,1,快晴,8,1,0,1,8,1
2015/1/10,11.2,8,1,1.9,8,1,6.3,8,1,0,1,8,1,9.1,0,8,1,3.5,8,1,8.8,8,北西,8,1,17.7,8,北西,8,1,北西,8,1,2.9,8,1,31,8,1,16,8,1,1008.8,8,1,1011.8,8,1,1009.7,0,8,1,0,8,1,快晴,8,1,快晴,8,1,0,1,8,1
2015/1/11,10.8,8,1,0.2,8,1,6.4,8,1,0,1,8,1,9.1,0,8,1,2.7,8,1,5.7,8,南南東,8,1,10,8,北北西,8,1,西北西,8,1,4.3,8,1,46,8,1,30,8,1,1008.7,8,1,1011.7,8,1,1007.7,0,8,1,0.8,8,1,快晴,8,1,晴一時曇,8,1,0,1,8,1
2015/1/12,9,8,1,2,8,1,5.2,8,1,0,1,8,1,9.1,0,8,1,4.6,8,1,9.1,8,北西,8,1,15.8,8,北西,8,1,北西,8,1,3.4,8,1,39,8,1,25,8,1,1016.3,8,1,1019.3,8,1,1012.7,0,8,1,0,8,1,快晴,8,1,快晴,8,1,0,1,8,1
2015/1/13,11.8,8,1,2.5,8,1,6.6,8,1,0,1,8,1,9.1,0,8,1,3.3,8,1,7.5,8,西北西,8,1,11.1,8,西北西,8,1,北西,8,1,3.6,8,1,38,8,1,24,8,1,1024.9,8,1,1027.9,8,1,1023.6,0,8,1,0.5,8,1,快晴,8,1,晴,8,1,0,1,8,1
2015/1/14,11.5,8,1,1.2,8,1,6.6,8,1,0,1,8,1,5.9,0,8,1,1.6,5,1,3.5,8,北西,8,1,5.9,8,北西,8,1,北北西,8,1,4.9,8,1,50,8,1,34,8,1,1023.9,8,1,1026.9,8,1,1022,0,8,1,5,8,1,晴後曇,8,1,曇,8,1,0,1,8,1
2015/1/15,8.2,8,1,3.4,8,1,5.4,8,1,35.5,0,8,1,0,0,8,1,3.2,8,1,8.1,8,北北西,8,1,14.1,8,北西,8,1,北北西,8,1,6.7,8,1,76,8,1,46,8,1,1009.7,8,1,1012.7,8,1,1004.1,0,8,1,10,8,1,大雨一時曇,8,1,雨後晴,8,1,2.5,0,8,1
2015/1/16,13.2,8,1,4.9,8,1,8.9,8,1,0,0,8,1,6.9,0,8,1,2.8,8,1,5.7,8,南東,8,1,10.7,8,西北西,8,1,北西,8,1,6,8,1,54,8,1,23,8,1,1009.7,8,1,1012.6,8,1,1007.9,0,8,1,6.8,8,1,晴後曇,8,1,曇後晴,8,1,0,0,8,1
2015/1/17,11.6,8,1,1.3,8,1,5.9,8,1,0,0,8,1,6.9,0,8,1,4.2,8,1,9.4,8,北北西,8,1,19.1,8,北北西,8,1,北西,8,1,5.2,8,1,56,8,1,29,8,1,1004.9,8,1,1007.8,8,1,1003.1,0,8,1,2.8,8,1,晴,8,1,快晴,8,1,0,0,8,1
2015/1/18,10.9,8,1,-0.5,8,1,4.7,8,1,0,1,8,1,9.3,0,8,1,3.3,8,1,6.4,8,北西,8,1,11.5,8,北北西,8,1,西北西,8,1,3,8,1,36,8,1,18,8,1,1014.6,8,1,1017.6,8,1,1016.1,0,8,1,1.5,8,1,快晴,8,1,晴時々薄曇,8,1,0,1,8,1
2015/1/19,11.7,8,1,-0.7,8,1,5.7,8,1,0,1,8,1,9,0,8,1,2.5,5,1,5.7,8,北北西,8,1,10.2,8,北北西,8,1,北北西,5,1,3.9,8,1,44,8,1,25,8,1,1008.8,8,1,1011.8,8,1,1007.9,0,8,1,1.8,8,1,晴,8,1,快晴,8,1,0,1,8,1
2015/1/20,11.2,8,1,2.7,8,1,6.3,8,1,0,1,8,1,9.2,0,8,1,3.6,8,1,6.8,8,北西,8,1,12.6,8,北西,8,1,北北西,8,1,3.9,8,1,42,8,1,27,8,1,1018.9,8,1,1021.9,8,1,1016,0,8,1,0,8,1,快晴,8,1,晴後曇,8,1,0,1,8,1
2015/1/21,3.8,8,1,1.5,8,1,2.5,8,1,4,0,8,1,0,0,8,1,3.1,8,1,5,8,北北西,8,1,9.3,8,北北西,8,1,北北西,8,1,5.1,8,1,69,8,1,38,8,1,1024.3,8,1,1027.4,8,1,1022.1,0,8,1,10,8,1,曇時々雪後雨,8,1,曇一時雨,8,1,0.5,0,8,1
2015/1/22,5.6,8,1,3.2,8,1,4.6,8,1,7.5,0,8,1,0,0,8,1,2.4,8,1,5.2,8,北北西,8,1,9.1,8,北西,8,1,北北西,8,1,7.7,8,1,91,8,1,79,8,1,1009,8,1,1012,8,1,1000.9,0,8,1,10,8,1,雨一時曇,8,1,雨,8,1,0.5,0,8,1
2015/1/23,12.8,8,1,3.7,8,1,6.9,8,1,7.5,0,8,1,6.8,0,8,1,4.3,8,1,9.1,8,北北西,8,1,17.6,8,北,8,1,北北西,8,1,6.1,8,1,63,8,1,33,8,1,1004.1,8,1,1007.1,8,1,999.6,0,8,1,5,8,1,晴一時曇,8,1,快晴,8,1,1,0,8,1
2015/1/24,8.1,8,1,2.9,8,1,4.9,8,1,0,1,8,1,0.4,0,8,1,2.4,8,1,6.6,8,北,8,1,10.9,8,西北西,8,1,北北西,8,1,4,8,1,47,8,1,35,8,1,1018.3,8,1,1021.3,8,1,1016,0,8,1,5,8,1,曇,8,1,快晴,8,1,0,1,8,1
2015/1/25,12.2,8,1,0.9,8,1,7,8,1,0,1,8,1,7.1,0,8,1,2,8,1,4.9,8,南東,8,1,8.2,8,南南東,8,1,北北西,8,1,5.9,8,1,59,8,1,40,8,1,1024.3,8,1,1027.3,8,1,1023.3,0,8,1,5,8,1,晴後薄曇,8,1,曇後一時雨,8,1,0,1,8,1
2015/1/26,12.9,8,1,5.6,8,1,9,8,1,0.5,0,8,1,4.4,0,8,1,2,8,1,3.8,8,南南東,8,1,6,8,南南東,8,1,北北西,8,1,8.5,8,1,74,8,1,52,8,1,1019.1,8,1,1022.1,8,1,1015.8,0,8,1,10,8,1,曇時々晴,8,1,雨一時曇,8,1,0.5,0,8,1
2015/1/27,16.4,8,1,5.8,8,1,9.8,8,1,14.5,0,8,1,5.1,0,8,1,3.1,8,1,6.3,8,北北西,8,1,12.1,8,北西,8,1,北北西,8,1,8.3,8,1,71,8,1,40,8,1,1007,8,1,1009.9,8,1,1006,0,8,1,9.8,8,1,晴時々曇一時雨,8,1,曇時々雨後一時みぞれ,8,1,1.5,0,8,1
2015/1/28,9.7,8,1,1.4,8,1,5.2,8,1,0,0,8,1,6.2,0,8,1,4,8,1,7.6,8,北北西,8,1,14.6,8,北北西,8,1,北北西,8,1,3.6,8,1,41,8,1,20,8,1,1014.7,8,1,1017.7,8,1,1011.4,0,8,1,7,8,1,晴時々曇一時雪,8,1,快晴,8,1,0,0,8,1
2015/1/29,8.2,8,1,-0.9,8,1,3.9,8,1,0,1,8,1,6.6,0,8,1,2.5,8,1,5.1,8,北北西,8,1,9.7,8,北西,8,1,北北西,8,1,3.4,8,1,42,8,1,22,8,1,1023.4,8,1,1026.4,8,1,1024.1,0,8,1,5,8,1,晴後曇,8,1,曇後一時雪,8,1,0,1,8,1
2015/1/30,4.7,8,1,0.4,8,1,2.2,8,1,16.5,0,8,1,0,0,8,1,3.3,8,1,5.5,8,北北西,8,1,11,8,北北西,8,1,北北西,8,1,6.3,8,1,88,8,1,53,8,1,1013.9,8,1,1017,8,1,1007.7,0,8,1,10,8,1,雪一時みぞれ後雨,8,1,晴時々曇,8,1,1,0,8,1
2015/1/31,10.5,8,1,0.8,8,1,4.9,8,1,0,1,8,1,9.4,0,8,1,4.4,8,1,10.5,8,北西,8,1,19.3,8,西北西,8,1,北西,8,1,4.5,8,1,56,8,1,19,8,1,1008.8,8,1,1011.8,8,1,1007.3,0,8,1,0.8,8,1,快晴,8,1,快晴,8,1,0,1,8,1
2015/2/1,8.6,8,1,0.7,8,1,4,8,1,0,1,8,1,9.6,0,8,1,5.5,8,1,10.4,8,北北西,8,1,17.3,8,北北西,8,1,北西,8,1,2.6,8,1,32,8,1,22,8,1,1016.5,8,1,1019.5,8,1,1015.8,0,8,1,0,8,1,快晴,8,1,快晴,8,1,0,1,8,1
2015/2/2,9.6,8,1,1,8,1,4.7,8,1,0,1,8,1,9.6,0,8,1,4.7,8,1,9.1,8,北西,8,1,15.4,8,北西,8,1,北西,8,1,2.8,8,1,34,8,1,22,8,1,1018.8,8,1,1021.8,8,1,1019.9,0,8,1,1.3,8,1,快晴,8,1,晴,8,1,0,1,8,1
2015/2/3,10.3,8,1,0.4,8,1,4.7,8,1,0,1,8,1,9.4,0,8,1,2.5,8,1,4.8,8,北北西,8,1,9.2,8,北北西,8,1,北,8,1,3.5,8,1,42,8,1,29,8,1,1019.2,8,1,1022.2,8,1,1020.4,0,8,1,2.3,8,1,晴,8,1,晴時々曇,8,1,0,1,8,1
2015/2/4,9.6,8,1,1.1,8,1,5.2,8,1,0,1,8,1,7.6,0,8,1,2.3,8,1,4.4,8,東,8,1,7.6,8,南,8,1,北,8,1,4.3,8,1,49,8,1,28,8,1,1017.2,8,1,1020.2,8,1,1018,0,8,1,8.3,8,1,晴後時々薄曇,8,1,曇,8,1,0,1,8,1
2015/2/5,5.1,8,1,1.1,8,1,2.6,8,1,9,0,8,1,0,0,8,1,2.5,8,1,4.8,8,北北西,8,1,7.3,8,北,8,1,北北西,8,1,6.3,8,1,87,8,1,58,8,1,1011,8,1,1014,8,1,1010.9,0,8,1,10,8,1,雨時々みぞれ,8,1,雨後晴,8,1,0.5,0,8,1
2015/2/6,12,8,1,-0.3,8,1,5.4,8,1,0,0,8,1,8.9,0,8,1,2.8,8,1,5.9,8,北北西,8,1,10.5,8,西北西,8,1,北北西,8,1,5,8,1,60,8,1,23,8,1,1013.4,8,1,1016.4,8,1,1011.9,0,8,1,0.3,8,1,快晴,8,1,快晴,8,1,0,0,8,1
2015/2/7,9.6,8,1,1.2,8,1,5.3,8,1,1.5,0,8,1,3.6,0,8,1,2.4,8,1,5.9,8,南東,8,1,9.7,8,南東,8,1,北北西,8,1,5.3,8,1,60,8,1,32,8,1,1019.2,8,1,1022.3,8,1,1019.2,0,8,1,7.5,8,1,曇,8,1,雨後曇一時晴,8,1,0.5,0,8,1
2015/2/8,6.8,8,1,2,8,1,4,8,1,6,0,8,1,0.3,0,8,1,1.9,8,1,4.6,8,北西,8,1,8.5,8,北西,8,1,北北西,8,1,7.1,8,1,87,8,1,66,8,1,1007.4,8,1,1010.4,8,1,1004.6,0,8,1,5,8,1,曇一時雨,8,1,晴時々曇,8,1,1,0,8,1
2015/2/9,4.9,8,1,-0.6,8,1,2,8,1,0,1,8,1,1.7,0,8,1,3.2,8,1,7,8,北北西,8,1,15.1,8,北北西,8,1,北北西,8,1,3.4,8,1,49,8,1,26,8,1,1007.3,8,1,1010.3,8,1,1006.1,0,8,1,7.3,8,1,曇後時々晴,8,1,晴,8,1,0,1,8,1
2015/2/10,8.1,8,1,-2.4,8,1,3.2,8,1,0,1,8,1,9.6,0,8,1,2.2,8,1,5,8,南南東,8,1,8,8,南南東,8,1,南南東,8,1,3.7,8,1,49,8,1,25,8,1,1008.3,8,1,1011.3,8,1,1009.5,0,8,1,0,8,1,快晴,8,1,快晴,8,1,0,1,8,1
2015/2/11,10.9,8,1,0.2,8,1,5.6,8,1,0,1,8,1,9.7,0,8,1,2,8,1,4.2,8,南,8,1,6.9,8,南,8,1,北北西,8,1,4.8,8,1,54,8,1,30,8,1,1009.1,8,1,1012.1,8,1,1009.7,0,8,1,3,8,1,晴,8,1,薄曇時々晴,8,1,0,1,8,1
2015/2/12,13,8,1,1.2,8,1,7,8,1,0,1,8,1,9.5,0,8,1,1.7,8,1,3.8,8,北北西,8,1,5.8,8,北北西,8,1,北北西,8,1,5.5,8,1,56,8,1,33,8,1,1001.6,8,1,1004.5,8,1,1001.2,0,8,1,2.5,8,1,快晴,8,1,晴一時曇,8,1,0,1,8,1
2015/2/13,12.3,8,1,1.1,8,1,5,8,1,0,1,8,1,6.3,0,8,1,3.9,8,1,7.9,8,北北西,8,1,15.9,8,北北西,8,1,北西,8,1,3.8,8,1,46,8,1,12,8,1,1000.5,8,1,1003.5,8,1,1000.1,0,8,1,5.8,8,1,晴後曇,8,1,快晴,8,1,0,1,8,1
2015/2/14,10.6,8,1,-1.4,8,1,4.9,8,1,0,1,8,1,9.9,0,8,1,3.2,8,1,7.3,8,北西,8,1,14.2,8,北,8,1,北西,8,1,2.4,8,1,29,8,1,13,8,1,1009.1,8,1,1012,8,1,1009.4,0,8,1,0.3,8,1,快晴,8,1,快晴,8,1,0,1,8,1
2015/2/15,11.7,8,1,0.3,8,1,5.5,8,1,0,1,8,1,9.8,0,8,1,5,8,1,11,8,北北西,8,1,21.3,8,北西,8,1,北北西,8,1,3.6,8,1,41,8,1,23,8,1,1009.9,8,1,1012.9,8,1,1009.5,0,8,1,0,8,1,快晴,8,1,晴後一時薄曇,8,1,0,1,8,1
2015/2/16,13.2,8,1,1.5,8,1,7,8,1,0,1,8,1,9.8,0,8,1,2.9,8,1,6.8,8,北西,8,1,13.8,8,西北西,8,1,北北西,8,1,3.2,8,1,33,8,1,15,8,1,1011.1,8,1,1014,8,1,1011.4,0,8,1,6.8,8,1,薄曇時々晴,8,1,薄曇時々晴,8,1,0,1,8,1
2015/2/17,5.4,8,1,1.3,8,1,3.9,8,1,3,0,8,1,0,0,8,1,2.4,8,1,4.7,8,北北西,8,1,7.8,8,北北西,8,1,北北西,8,1,6.2,8,1,77,8,1,50,8,1,1010.4,8,1,1013.4,8,1,1011.2,0,8,1,10,8,1,雨時々曇一時雪,8,1,雨,8,1,0.5,0,8,1
2015/2/18,4.3,8,1,2.5,8,1,3.3,8,1,10.5,0,8,1,0,0,8,1,3.2,8,1,6.5,8,北北西,8,1,12,8,北,8,1,北北西,8,1,7.2,8,1,93,8,1,89,8,1,1005.6,8,1,1008.6,8,1,1006.2,0,8,1,10,8,1,雨、みぞれを伴う,8,1,曇一時雨後晴,8,1,0.5,0,8,1
2015/2/19,13,8,1,0.9,8,1,6.2,8,1,0,1,8,1,9.2,0,8,1,2.4,8,1,4.5,8,東北東,8,1,8.9,8,北東,8,1,北,8,1,6.5,8,1,72,8,1,36,8,1,1008.3,8,1,1011.2,8,1,1009,0,8,1,4.8,8,1,晴,8,1,晴一時曇,8,1,0,1,8,1
2015/2/20,11.9,8,1,2.5,8,1,6.3,8,1,0,0,8,1,7.9,0,8,1,2.4,8,1,4.3,8,東北東,8,1,7.9,8,北東,8,1,北東,8,1,6.1,8,1,66,8,1,36,8,1,1018.3,8,1,1021.2,8,1,1016.6,0,8,1,2,8,1,晴,8,1,快晴,8,1,0,0,8,1
2015/2/21,10.5,8,1,2,8,1,6.2,8,1,0,1,8,1,9.2,0,8,1,2.4,8,1,5.2,8,南東,8,1,8.4,8,南南東,8,1,東南東,8,1,5.6,8,1,61,8,1,35,8,1,1025,8,1,1028.1,8,1,1026.4,0,8,1,4.5,8,1,晴,8,1,曇後一時雨,8,1,0,1,8,1
2015/2/22,8,8,1,4.4,8,1,6.3,8,1,1.5,0,8,1,0,0,8,1,1.6,8,1,3.7,8,北北西,8,1,5.3,8,北北西,8,1,北北東,8,1,7.4,8,1,77,8,1,60,8,1,1020.1,8,1,1023.1,8,1,1015.6,0,8,1,10,8,1,曇一時雨,8,1,雨一時曇,8,1,0.5,0,8,1
2015/2/23,19.2,8,1,6.3,8,1,10.7,8,1,16,0,8,1,4.9,0,8,1,2.3,8,1,7.1,8,東北東,8,1,12.9,8,東北東,8,1,北北西,8,1,10.7,8,1,84,8,1,56,8,1,1007.8,8,1,1010.7,8,1,1006.2,0,8,1,9.8,8,1,曇一時雨,8,1,曇時々晴一時雨,8,1,1.5,0,8,1
2015/2/24,12.7,8,1,7.2,8,1,9.7,8,1,0,0,8,1,0,0,8,1,2,8,1,4.2,8,北東,8,1,6.7,8,東北東,8,1,北東,8,1,8.8,8,1,74,8,1,58,8,1,1010.2,8,1,1013.1,8,1,1010.9,0,8,1,10,8,1,曇,8,1,曇,8,1,0,0,8,1
2015/2/25,13.2,8,1,7.5,8,1,9.2,8,1,0,0,8,1,2.8,0,8,1,2.7,8,1,5.4,8,南東,8,1,8.6,8,南南東,8,1,北東,8,1,6.7,8,1,58,8,1,45,8,1,1016.1,8,1,1019,8,1,1015,0,8,1,10,8,1,曇,8,1,曇,8,1,0,0,8,1
2015/2/26,7.9,8,1,5,8,1,6.6,8,1,14.5,0,8,1,0,0,8,1,2.6,8,1,4.7,8,北北西,8,1,8.6,8,北,8,1,北北西,8,1,8.3,8,1,85,8,1,64,8,1,1014.5,8,1,1017.5,8,1,1006.9,0,8,1,10,8,1,雨一時曇,8,1,雨一時曇後晴,8,1,0.5,0,8,1
2015/2/27,15.3,8,1,3.8,8,1,8.2,8,1,0,1,8,1,8.4,0,8,1,3.8,8,1,9.2,8,北北西,8,1,15.9,8,北西,8,1,北北西,8,1,5.6,8,1,54,8,1,20,8,1,1006.1,8,1,1009.1,8,1,1004.2,0,8,1,3.8,8,1,晴,8,1,曇一時晴,8,1,0,1,8,1
2015/2/28,12.8,8,1,3,8,1,7.4,8,1,0,1,8,1,9.2,0,8,1,3.8,8,1,6.9,8,北西,8,1,11.8,8,西北西,8,1,南南東,8,1,3.7,8,1,37,8,1,14,8,1,1021.1,8,1,1024.1,8,1,1017.5,0,8,1,5.5,8,1,晴一時曇,8,1,曇後一時雨,8,1,0,1,8,1
2015/3/1,9.8,8,1,5.4,8,1,6.9,8,1,29,0,8,1,0,0,8,1,3.1,8,1,9.5,8,北西,8,1,17,8,西北西,8,1,北西,8,1,7.8,8,1,79,8,1,56,8,1,1010.2,8,1,1013.2,8,1,997.8,0,8,1,10,8,1,曇後雨,8,1,雨一時曇後晴,8,1,2,0,8,1
2015/3/2,14.1,8,1,5.1,8,1,9.3,8,1,0,1,8,1,10.9,0,8,1,4.2,8,1,7.6,8,北西,8,1,15.5,8,北西,8,1,北北西,8,1,4.2,8,1,37,8,1,20,8,1,1008.2,8,1,1011.1,8,1,999.5,0,8,1,0,8,1,快晴,8,1,晴時々曇,8,1,0,1,8,1
2015/3/3,7.7,8,1,3.6,8,1,5.6,8,1,0.5,0,8,1,0,0,8,1,2.4,8,1,4.4,8,北西,8,1,7.5,8,北,8,1,北北西,8,1,5.5,8,1,60,8,1,41,8,1,1016.3,8,1,1019.3,8,1,1013.6,0,8,1,10,8,1,曇一時雨,8,1,雨一時曇,8,1,0.5,0,8,1
2015/3/4,17.5,8,1,3.2,8,1,9.6,8,1,18.5,0,8,1,5.7,0,8,1,2.6,8,1,5.3,8,北西,8,1,10.4,8,北西,8,1,北北西,8,1,8.3,8,1,71,8,1,34,8,1,1001.9,8,1,1004.8,8,1,1002,0,8,1,9.3,8,1,曇時々晴一時雨,8,1,薄曇,8,1,2,0,8,1
2015/3/5,14.3,8,1,5.4,8,1,9.3,8,1,0,1,8,1,10.2,0,8,1,3.7,8,1,7.9,8,北北西,8,1,15.2,8,北,8,1,北北西,8,1,4.1,8,1,35,8,1,21,8,1,1012.6,8,1,1015.5,8,1,1008,0,8,1,7,8,1,晴,8,1,曇,8,1,0,1,8,1
2015/3/6,12,8,1,4.9,8,1,7.3,8,1,0,0,8,1,1.9,0,8,1,2.8,8,1,4.4,8,北北東,8,1,9.6,8,北北東,8,1,北東,8,1,5.4,8,1,53,8,1,34,8,1,1021.2,8,1,1024.2,8,1,1021.8,0,8,1,10,8,1,曇,8,1,雨一時曇,8,1,0,0,8,1
2015/3/7,8.2,8,1,3.9,8,1,6,8,1,4.5,0,8,1,0,0,8,1,2.7,8,1,4.3,8,北北西,8,1,7.8,8,北北西,8,1,北,8,1,7.6,8,1,82,8,1,70,8,1,1020.9,8,1,1023.9,8,1,1021.9,0,8,1,10,8,1,曇時々雨,8,1,曇時々雨,8,1,0.5,0,8,1
2015/3/8,10.9,8,1,5.9,8,1,8.2,8,1,0.5,0,8,1,0,0,8,1,3.4,8,1,5.6,8,北北西,8,1,10.2,8,北北西,8,1,北北西,8,1,8.8,8,1,81,8,1,67,8,1,1018.8,8,1,1021.8,8,1,1020.5,0,8,1,10,8,1,雨後曇,8,1,曇,8,1,0.5,0,8,1
2015/3/9,9.9,8,1,8.4,8,1,9,8,1,23,0,8,1,0,0,8,1,3,8,1,5.5,8,北西,8,1,9.1,8,北北西,8,1,北北西,8,1,10.3,8,1,89,8,1,75,8,1,1010.7,8,1,1013.6,8,1,997.8,0,8,1,10,8,1,雨一時曇,8,1,雨後一時曇,8,1,2.5,0,8,1
2015/3/10,13.7,8,1,1.7,8,1,7.7,8,1,2.5,0,8,1,3.4,0,8,1,4.6,8,1,7.5,8,北西,8,1,16.5,8,北西,8,1,北西,8,1,5.9,8,1,54,8,1,28,8,1,995.3,8,1,998.3,8,1,994.1,0,8,1,8,8,1,曇時々晴後一時雨、みぞれを伴う,8,1,晴,8,1,0.5,0,8,1
2015/3/11,12.2,8,1,-0.4,8,1,6.2,8,1,0,1,8,1,11.1,0,8,1,3.6,8,1,7,8,南西,8,1,13.2,8,南西,8,1,南南西,8,1,3.4,8,1,37,8,1,18,8,1,1005.7,8,1,1008.6,8,1,1005.7,0,8,1,1,8,1,晴,8,1,晴一時曇,8,1,0,1,8,1
2015/3/12,14.8,8,1,3.6,8,1,8.6,8,1,0,1,8,1,10.9,0,8,1,3.9,8,1,6.5,8,南南東,8,1,13,8,南南東,8,1,南南西,8,1,3.7,8,1,34,8,1,20,8,1,1008.1,8,1,1011.1,8,1,1007.7,0,8,1,3.5,8,1,晴一時薄曇,8,1,快晴,8,1,0,1,8,1
2015/3/13,14.4,8,1,1.8,8,1,8.9,8,1,0,1,8,1,10.6,0,8,1,3,8,1,7,8,南東,8,1,11.4,8,南南東,8,1,北西,8,1,4,8,1,35,8,1,19,8,1,1013,8,1,1015.9,8,1,1013.9,0,8,1,0.8,8,1,晴,8,1,晴,8,1,0,1,8,1
2015/3/14,13.5,8,1,4.7,8,1,8.9,8,1,0,1,8,1,6,0,8,1,2.6,8,1,4.6,8,西南西,8,1,8.2,8,西南西,8,1,北東,8,1,5,8,1,45,8,1,20,8,1,1016.8,8,1,1019.8,8,1,1015.8,0,8,1,6.3,8,1,曇一時晴,8,1,曇一時晴,8,1,0,1,8,1
2015/3/15,13,8,1,4.9,8,1,8.4,8,1,0,0,8,1,3.3,0,8,1,1.9,8,1,3.5,8,北東,8,1,6.4,8,東,8,1,北北西,8,1,6.9,8,1,63,8,1,48,8,1,1021.9,8,1,1024.9,8,1,1022.1,0,8,1,9,8,1,曇後一時晴,8,1,曇一時晴,8,1,0,0,8,1
2015/3/16,16,8,1,7.3,8,1,11.1,8,1,10,0,8,1,3.2,0,8,1,1.9,8,1,4.7,8,南東,8,1,7.9,8,南東,8,1,北西,8,1,9.8,8,1,74,8,1,48,8,1,1020,8,1,1022.9,8,1,1021.1,0,8,1,10,8,1,曇後一時雨,8,1,雨後一時晴,8,1,0.5,0,8,1
2015/3/17,21.2,8,1,9.2,8,1,14.5,8,1,0.5,0,8,1,10,0,8,1,2.6,8,1,5.5,8,南南東,8,1,8.7,8,南東,8,1,南南東,8,1,12.2,8,1,76,8,1,46,8,1,1015.5,8,1,1018.4,8,1,1015.3,0,8,1,3.3,8,1,晴後一時薄曇,8,1,晴時々曇,8,1,0.5,0,8,1
2015/3/18,21.7,8,1,10.7,8,1,14.8,8,1,0,0,8,1,4.3,0,8,1,2.2,8,1,4.7,8,北東,8,1,8,8,北北東,8,1,東北東,8,1,12.1,8,1,74,8,1,39,8,1,1014.8,8,1,1017.7,8,1,1015.7,0,8,1,9.3,8,1,薄曇,8,1,曇後時々雨,8,1,0,0,8,1
2015/3/19,15.9,8,1,10.3,8,1,11.9,8,1,5,0,8,1,0.6,0,8,1,2.1,8,1,4.3,8,西北西,8,1,7,8,東南東,8,1,北北西,8,1,12.6,8,1,90,8,1,69,8,1,1006.5,8,1,1009.4,8,1,1005.1,0,8,1,10,8,1,曇後雨,8,1,曇,8,1,0.5,0,8,1
2015/3/20,14.9,8,1,9.9,8,1,11.8,8,1,0,1,8,1,0.6,0,8,1,2.3,8,1,4,8,東北東,8,1,7,8,東北東,8,1,東,8,1,10.6,8,1,77,8,1,60,8,1,1011.1,8,1,1014,8,1,1011.5,0,8,1,9,8,1,曇,8,1,曇一時晴,8,1,0,1,8,1
2015/3/21,16,8,1,7.2,8,1,10.5,8,1,0,0,8,1,1.9,0,8,1,2.6,8,1,5.6,8,南南東,8,1,8.6,8,南南東,8,1,南南東,8,1,7.1,8,1,57,8,1,28,8,1,1013.5,8,1,1016.5,8,1,1014.7,0,8,1,9.8,8,1,曇一時雨後時々晴,8,1,曇時々晴,8,1,0,0,8,1
2015/3/22,18.7,8,1,6.6,8,1,12.9,8,1,0,0,8,1,9.8,0,8,1,3.2,8,1,6.7,8,南南東,8,1,11.3,8,南南東,8,1,南南東,8,1,9,8,1,61,8,1,45,8,1,1009.7,8,1,1012.6,8,1,1009.6,0,8,1,5,8,1,晴,8,1,晴一時雨,8,1,0,0,8,1
2015/3/23,17,8,1,4.7,8,1,10.7,8,1,0,0,8,1,7.3,0,8,1,2.9,8,1,6.5,8,北北西,8,1,13.3,8,北,8,1,北北西,8,1,5.1,8,1,43,8,1,15,8,1,1009,8,1,1011.9,8,1,1009,0,8,1,6,8,1,晴後曇,8,1,晴一時曇,8,1,0,0,8,1
2015/3/24,15.1,8,1,3.9,8,1,8.2,8,1,0,1,8,1,10.8,0,8,1,4.6,8,1,7.8,8,北西,8,1,14.7,8,北西,8,1,北西,8,1,3.4,8,1,33,8,1,14,8,1,1015.8,8,1,1018.7,8,1,1015.9,0,8,1,1.3,8,1,晴,8,1,晴一時曇,8,1,0,1,8,1
2015/3/25,14.3,8,1,2.7,8,1,8.1,8,1,0,1,8,1,11.8,0,8,1,5,8,1,8.2,8,北西,8,1,16.7,8,西北西,8,1,北西,8,1,3.6,8,1,35,8,1,18,8,1,1023.2,8,1,1026.2,8,1,1022.3,0,8,1,0,8,1,快晴,8,1,快晴,8,1,0,1,8,1
2015/3/26,15.8,8,1,4.9,8,1,9.5,8,1,0,1,8,1,11.8,0,8,1,3.9,8,1,7.5,8,北北西,8,1,12.1,8,北北西,8,1,北北西,8,1,4.1,8,1,35,8,1,14,8,1,1026.5,8,1,1029.5,8,1,1027,0,8,1,0,8,1,快晴,8,1,快晴,8,1,0,1,8,1
2015/3/27,20.4,8,1,4,8,1,12.3,8,1,0,1,8,1,11.9,0,8,1,3,8,1,5.7,8,南,8,1,10.2,8,南南西,8,1,南,8,1,5.5,8,1,38,8,1,21,8,1,1020.8,8,1,1023.8,8,1,1020.6,0,8,1,0,8,1,快晴,8,1,晴,8,1,0,1,8,1
2015/3/28,20.6,8,1,7.6,8,1,14.1,8,1,0,1,8,1,8.2,0,8,1,2.7,8,1,5.2,8,南,8,1,9,8,南南西,8,1,南,8,1,7.1,8,1,46,8,1,22,8,1,1015.2,8,1,1018.1,8,1,1015.7,0,8,1,4.5,8,1,曇後晴,8,1,快晴,8,1,0,1,8,1
2015/3/29,21.1,8,1,9,8,1,14.6,8,1,0,0,8,1,5,0,8,1,3,8,1,6.7,8,南,8,1,12.2,8,南南西,8,1,南南西,8,1,9.6,8,1,58,8,1,35,8,1,1011.3,8,1,1014.2,8,1,1010.5,0,8,1,7,8,1,曇一時雨,8,1,晴一時雨,8,1,0,0,8,1
2015/3/30,23.6,8,1,9.4,8,1,16.2,8,1,0,1,8,1,11.5,0,8,1,3.1,8,1,6,8,南東,8,1,10.1,8,南,8,1,南,8,1,9.4,8,1,54,8,1,20,8,1,1014.9,8,1,1017.7,8,1,1013.3,0,8,1,0.3,8,1,快晴,8,1,快晴,8,1,0,1,8,1
2015/3/31,23.2,8,1,9.8,8,1,16.7,8,1,0,1,8,1,11.5,0,8,1,4.7,8,1,9.7,8,南,8,1,15.6,8,南南西,8,1,南,8,1,10.6,8,1,58,8,1,29,8,1,1015,8,1,1017.9,8,1,1013.7,0,8,1,2,8,1,晴,8,1,晴後一時薄曇,8,1,0,1,8,1
2015/4/1,18.7,8,1,8.8,8,1,13.9,8,1,1.5,0,8,1,0,0,8,1,2.6,8,1,6.8,8,東北東,8,1,11.7,8,東北東,8,1,北東,8,1,12,8,1,76,8,1,60,8,1,1008,8,1,1010.9,8,1,1005.4,0,8,1,9.5,8,1,曇時々雨,8,1,雨後曇時々晴,8,1,0.5,0,8,1
2015/4/2,17.4,8,1,6.5,8,1,11.6,8,1,0,1,8,1,11.1,0,8,1,3.8,8,1,7.1,8,南,8,1,11.6,8,南,8,1,南,8,1,8.5,8,1,64,8,1,38,8,1,1016.3,8,1,1019.2,8,1,1014.6,0,8,1,6,8,1,晴,8,1,晴時々曇,8,1,0,1,8,1
2015/4/3,20.6,8,1,12.1,8,1,17.3,8,1,0,0,8,1,0,0,8,1,6.4,8,1,10.4,8,南,8,1,19.5,8,南南西,8,1,南,8,1,15.9,8,1,79,8,1,65,8,1,1006.7,8,1,1009.5,8,1,1004.3,0,8,1,9.3,8,1,曇一時雨,8,1,曇,8,1,0,0,8,1
2015/4/4,19.1,8,1,10,8,1,13.2,8,1,0,0,8,1,0,0,8,1,3.5,8,1,7.4,8,東北東,8,1,13.6,8,東北東,8,1,北東,8,1,10.2,8,1,66,8,1,51,8,1,1016,8,1,1018.9,8,1,1008,0,8,1,10,8,1,曇一時雨,8,1,曇後一時雨,8,1,0,0,8,1
2015/4/5,11.4,8,1,8.6,8,1,10.3,8,1,8,0,8,1,0,0,8,1,1.5,8,1,3.5,8,北東,8,1,5.4,8,東北東,8,1,北北西,8,1,11.2,8,1,89,8,1,68,8,1,1013.9,8,1,1016.9,8,1,1012.4,0,8,1,10,8,1,雨時々曇,8,1,曇,8,1,1,0,8,1
2015/4/6,22.9,8,1,11.2,8,1,16.2,8,1,0,0,8,1,7.9,0,8,1,2.1,8,1,5.7,8,東北東,8,1,9.6,8,東北東,8,1,東北東,8,1,13.4,8,1,75,8,1,51,8,1,1008.6,8,1,1011.4,8,1,1009.7,0,8,1,8.3,8,1,晴時々曇後一時雨,8,1,雨時々曇,8,1,0,0,8,1
2015/4/7,13,8,1,6.9,8,1,10,8,1,4.5,0,8,1,0,0,8,1,3,8,1,5.7,8,東北東,8,1,10.7,8,東北東,8,1,北東,8,1,11.2,8,1,91,8,1,79,8,1,1014,8,1,1016.9,8,1,1012.4,0,8,1,10,8,1,雨,8,1,雨,8,1,0.5,0,8,1
2015/4/8,7.6,8,1,2.4,8,1,4.1,8,1,20,0,8,1,0,0,8,1,3.5,8,1,5.8,8,東北東,8,1,11.9,8,北東,8,1,北北東,8,1,7.3,8,1,89,8,1,80,8,1,1022.4,8,1,1025.4,8,1,1021.1,0,8,1,10,8,1,雨一時みぞれ,8,1,曇,8,1,1,0,8,1
2015/4/9,13.2,8,1,3.2,8,1,7.4,8,1,0,1,8,1,8.7,0,8,1,2.6,8,1,4.5,8,北東,8,1,8.3,8,北東,8,1,北北東,8,1,6.1,8,1,61,8,1,36,8,1,1025.4,8,1,1028.4,8,1,1026.7,0,8,1,8,8,1,曇時々晴,8,1,晴後薄曇,8,1,0,1,8,1
2015/4/10,12.1,8,1,5.3,8,1,8.3,8,1,9.5,0,8,1,0,0,8,1,2.7,8,1,4.9,8,北北西,8,1,7.9,8,北,8,1,北北西,8,1,8.1,8,1,75,8,1,50,8,1,1022.1,8,1,1025.1,8,1,1021.6,0,8,1,10,8,1,曇後一時雨,8,1,雨,8,1,0.5,0,8,1
2015/4/11,16.2,8,1,8.4,8,1,11.5,8,1,7.5,0,8,1,0,0,8,1,2.8,8,1,5.1,8,北北西,8,1,9,8,北北西,8,1,北北西,8,1,11.6,8,1,86,8,1,64,8,1,1018.5,8,1,1021.5,8,1,1018.7,0,8,1,10,8,1,雨後曇,8,1,曇時々晴一時雨,8,1,0.5,0,8,1
2015/4/12,18,8,1,8.4,8,1,12.9,8,1,0,1,8,1,8.3,0,8,1,2.5,8,1,4.5,8,東北東,8,1,8.8,8,北,8,1,東北東,8,1,8.7,8,1,61,8,1,28,8,1,1026.8,8,1,1029.8,8,1,1026.8,0,8,1,7,8,1,薄曇一時晴,8,1,曇,8,1,0,1,8,1
2015/4/13,11.3,8,1,8.5,8,1,9.7,8,1,36.5,0,8,1,0,0,8,1,3.2,8,1,5.9,8,北北西,8,1,11,8,北北西,8,1,北北西,8,1,10.7,8,1,89,8,1,72,8,1,1021.3,8,1,1024.3,8,1,1015.3,0,8,1,10,8,1,雨一時曇,8,1,雨後時々曇,8,1,1,0,8,1
2015/4/14,14.1,8,1,9.3,8,1,12.1,8,1,22.5,0,8,1,0,0,8,1,2,8,1,4.8,8,北西,8,1,8,8,北西,8,1,北東,8,1,13.6,8,1,96,8,1,86,8,1,1007.7,8,1,1010.6,8,1,1005.7,0,8,1,10,8,1,雨一時曇,8,1,雨後一時晴,8,1,2,0,8,1
2015/4/15,21.4,8,1,10.5,8,1,15.4,8,1,2,0,8,1,10.2,0,8,1,4.7,8,1,10.2,8,南南西,8,1,18.1,8,南南西,8,1,南南西,8,1,10.9,8,1,64,8,1,40,8,1,1000.3,8,1,1003.2,8,1,998.4,0,8,1,6.5,8,1,晴時々曇,8,1,晴一時曇、雷を伴う,8,1,0.5,0,8,1
2015/4/16,21.5,8,1,8.8,8,1,15.7,8,1,0,1,8,1,9,0,8,1,2.5,8,1,5.7,8,南東,8,1,8.4,8,南南東,8,1,南南東,8,1,10.2,8,1,58,8,1,34,8,1,1007.4,8,1,1010.2,8,1,1007.8,0,8,1,5.3,8,1,晴後薄曇,8,1,薄曇一時晴,8,1,0,1,8,1
2015/4/17,24.9,8,1,9.3,8,1,16.4,8,1,3.5,0,8,1,5.8,0,8,1,3.2,8,1,6.8,8,北北東,8,1,13.6,8,北北東,8,1,東北東,8,1,11.8,8,1,64,8,1,43,8,1,1007.4,8,1,1010.3,8,1,1006.3,0,8,1,7.3,8,1,晴時々曇一時雨,8,1,曇一時雨後晴,8,1,1.5,0,8,1
2015/4/18,19.7,8,1,6.8,8,1,14,8,1,0,1,8,1,11.1,0,8,1,4.2,8,1,9.3,8,南,8,1,17,8,南南西,8,1,南,8,1,9.1,8,1,58,8,1,35,8,1,1014.2,8,1,1017.2,8,1,1014.1,0,8,1,6.3,8,1,薄曇一時晴,8,1,薄曇一時晴,8,1,0,1,8,1
2015/4/19,17.2,8,1,10.4,8,1,14.3,8,1,0,0,8,1,0,0,8,1,1.5,8,1,3.6,8,北北西,8,1,5.6,8,北,8,1,西北西,8,1,11.2,8,1,69,8,1,54,8,1,1013.9,8,1,1016.8,8,1,1015.3,0,8,1,9.5,8,1,曇後一時雨,8,1,曇,8,1,0,0,8,1
2015/4/20,20.7,8,1,13.6,8,1,18.4,8,1,10.5,0,8,1,0.2,0,8,1,5.3,8,1,10.3,8,南,8,1,19.3,8,南南西,8,1,南,8,1,19.1,8,1,89,8,1,60,8,1,1004.9,8,1,1007.7,8,1,1000.4,0,8,1,10,8,1,雨時々曇,8,1,雨後曇,8,1,1.5,0,8,1
2015/4/21,20.5,8,1,13.9,8,1,17.5,8,1,0.5,0,8,1,0,0,8,1,3,8,1,9.8,8,南,8,1,16.2,8,南南東,8,1,東北東,8,1,15.4,8,1,76,8,1,57,8,1,1004.7,8,1,1007.5,8,1,998.2,0,8,1,10,8,1,曇,8,1,曇後一時晴,8,1,0.5,0,8,1
2015/4/22,21.4,8,1,11.2,8,1,15.7,8,1,2.5,0,8,1,4.8,0,8,1,2.6,8,1,7,8,南東,8,1,10.9,8,南東,8,1,東,8,1,10.9,8,1,62,8,1,28,8,1,1015.7,8,1,1018.6,8,1,1017,0,8,1,9.5,8,1,晴後曇一時雨,8,1,雨後晴一時曇,8,1,1,0,8,1
2015/4/23,24.8,8,1,11.9,8,1,18,8,1,0,1,8,1,11.6,0,8,1,2.5,8,1,6.4,8,南南東,8,1,10.1,8,南南東,8,1,南南東,8,1,12.8,8,1,66,8,1,25,8,1,1016.8,8,1,1019.7,8,1,1016.9,0,8,1,5.3,8,1,晴,8,1,薄曇,8,1,0,1,8,1
2015/4/24,23.9,8,1,14,8,1,18.3,8,1,0,1,8,1,6.8,0,8,1,4.2,8,1,7.8,8,南南西,8,1,15.1,8,南南東,8,1,南南東,8,1,14.5,8,1,70,8,1,47,8,1,1015.1,8,1,1018,8,1,1013.9,0,8,1,10,8,1,薄曇,8,1,薄曇,8,1,0,1,8,1
2015/4/25,22.9,8,1,12.6,8,1,17.2,8,1,0,0,8,1,6.5,0,8,1,2.7,8,1,7.4,8,南南東,8,1,11.6,8,南,8,1,東,8,1,10.3,8,1,53,8,1,27,8,1,1014.6,8,1,1017.4,8,1,1014.3,0,8,1,6.5,8,1,晴時々曇,8,1,晴時々曇,8,1,0,0,8,1
2015/4/26,23.8,8,1,12.4,8,1,17.8,8,1,0,1,8,1,12.4,0,8,1,3.3,8,1,6.5,8,南南東,8,1,12.2,8,南南東,8,1,南南東,8,1,10.2,8,1,50,8,1,33,8,1,1017,8,1,1019.8,8,1,1017.5,0,8,1,3,8,1,晴,8,1,快晴,8,1,0,1,8,1
2015/4/27,25,8,1,13.3,8,1,19.3,8,1,0,1,8,1,12.3,0,8,1,2.9,8,1,6.4,8,南東,8,1,10.3,8,南南東,8,1,南南東,8,1,14.9,8,1,68,8,1,46,8,1,1014.8,8,1,1017.7,8,1,1015.3,0,8,1,0,8,1,快晴,8,1,快晴,8,1,0,1,8,1
2015/4/28,27.2,8,1,14.6,8,1,20.8,8,1,0,1,8,1,10.8,0,8,1,2.8,8,1,5.8,8,南南東,8,1,8.7,8,南,8,1,南,8,1,15.6,8,1,66,8,1,40,8,1,1014.6,8,1,1017.5,8,1,1015.9,0,8,1,5.5,8,1,晴時々薄曇,8,1,薄曇,8,1,0,1,8,1
2015/4/29,24.3,8,1,15,8,1,19.4,8,1,0,1,8,1,7.5,0,8,1,3.3,8,1,5.8,8,南,8,1,9.4,8,南,8,1,南,8,1,14.4,8,1,65,8,1,39,8,1,1013.7,8,1,1016.6,8,1,1014.7,0,8,1,7.8,8,1,薄曇後時々晴,8,1,晴後一時曇,8,1,0,1,8,1
2015/4/30,24,8,1,14.7,8,1,19,8,1,0,1,8,1,4.5,0,8,1,2.4,8,1,4.8,8,東南東,8,1,9.8,8,東,8,1,東南東,8,1,13.9,8,1,65,8,1,42,8,1,1012.9,8,1,1015.7,8,1,1014,0,8,1,5,8,1,曇時々晴,8,1,快晴,8,1,0,1,8,1
2015/5/1,27.5,8,1,14.5,8,1,20.5,8,1,0,1,8,1,12.2,0,8,1,2.4,8,1,4.8,8,南南東,8,1,7.8,8,南南東,8,1,南,8,1,14.4,8,1,63,8,1,28,8,1,1011.8,8,1,1014.6,8,1,1012,0,8,1,0.3,8,1,晴,8,1,快晴,8,1,0,1,8,1
2015/5/2,27.6,8,1,15.2,8,1,21,8,1,0,1,8,1,12.3,0,8,1,2.7,8,1,6,8,南南東,8,1,9.4,8,南南東,8,1,南東,8,1,15.7,8,1,66,8,1,36,8,1,1013.5,8,1,1016.3,8,1,1015,0,8,1,1,8,1,快晴,8,1,晴後曇,8,1,0,1,8,1
2015/5/3,27,8,1,17.2,8,1,21.2,8,1,0,1,8,1,8.2,0,8,1,2.9,8,1,5.7,8,南,8,1,9.9,8,南南東,8,1,南南東,8,1,14.9,8,1,62,8,1,17,8,1,1011,8,1,1013.8,8,1,1011.1,0,8,1,9.8,8,1,薄曇時々晴,8,1,薄曇後一時雨,8,1,0,1,8,1
2015/5/4,26.6,8,1,18.5,8,1,21.6,8,1,0,0,8,1,7.4,0,8,1,5.4,8,1,10.1,8,南南西,8,1,17.1,8,南南西,8,1,南,8,1,17.4,8,1,68,8,1,47,8,1,1002.4,8,1,1005.2,8,1,1000.6,0,8,1,8,8,1,晴一時曇,8,1,曇一時晴,8,1,0,0,8,1
2015/5/5,22.4,8,1,13.1,8,1,18.3,8,1,0,1,8,1,6.8,0,8,1,3.8,8,1,7.7,8,北西,8,1,14.5,8,北北西,8,1,南南東,8,1,8.8,8,1,42,8,1,28,8,1,1005.3,8,1,1008.2,8,1,1000.5,0,8,1,5.3,8,1,曇後晴,8,1,快晴,8,1,0,1,8,1
2015/5/6,24.7,8,1,11.6,8,1,18.2,8,1,0,1,8,1,9.4,0,8,1,3.2,8,1,6.1,8,南,8,1,9.6,8,南,8,1,南南東,8,1,9.8,8,1,47,8,1,31,8,1,1010,8,1,1012.8,8,1,1011.3,0,8,1,6.5,8,1,晴後薄曇,8,1,薄曇,8,1,0,1,8,1
2015/5/7,24.7,8,1,15.7,8,1,19.1,8,1,0,0,8,1,3.2,0,8,1,2.1,8,1,5,8,南南東,8,1,8.2,8,南西,8,1,南南西,8,1,13.2,8,1,62,8,1,26,8,1,1008.6,8,1,1011.5,8,1,1010.4,0,8,1,6.8,8,1,曇一時雨後晴,8,1,晴後曇,8,1,0,0,8,1
2015/5/8,26.8,8,1,15.8,8,1,20.7,8,1,0,1,8,1,10.6,0,8,1,2.6,8,1,5.1,8,南,8,1,8.6,8,南,8,1,南,8,1,14.3,8,1,61,8,1,23,8,1,1008.9,8,1,1011.8,8,1,1010.2,0,8,1,4.8,8,1,晴一時曇,8,1,薄曇一時晴,8,1,0,1,8,1
2015/5/9,21.3,8,1,16.3,8,1,18.7,8,1,0,0,8,1,0,0,8,1,2,8,1,4.6,8,東,8,1,7.7,8,東,8,1,南南東,8,1,16.3,8,1,75,8,1,61,8,1,1008.2,8,1,1011,8,1,1008.1,0,8,1,10,8,1,曇一時雨,8,1,曇一時雨,8,1,0,0,8,1
2015/5/10,27,8,1,13.8,8,1,19.7,8,1,0,1,8,1,10,0,8,1,3.5,8,1,7,8,北北西,8,1,14.7,8,北西,8,1,北北西,8,1,9.1,8,1,43,8,1,16,8,1,1009.2,8,1,1012.1,8,1,1009.1,0,8,1,5.8,8,1,晴後時々曇,8,1,晴一時曇,8,1,0,1,8,1
2015/5/11,23.5,8,1,12.1,8,1,17.2,8,1,0,1,8,1,11.6,0,8,1,3.8,8,1,6.9,8,南,8,1,11.1,8,南南西,8,1,南,8,1,6.6,8,1,35,8,1,12,8,1,1019,8,1,1021.9,8,1,1019.1,0,8,1,6.5,8,1,晴後薄曇,8,1,薄曇後時々雨,8,1,0,1,8,1
2015/5/12,22.7,8,1,15.9,8,1,19.6,8,1,58.5,0,8,1,1,0,8,1,6,8,1,9.3,8,南南西,8,1,19.3,8,南南東,8,1,南,8,1,16.9,8,1,73,8,1,57,8,1,1008.2,8,1,1011,8,1,997.2,0,8,1,10,8,1,曇後一時雨,8,1,大雨後晴一時薄曇,8,1,8,0,8,1
2015/5/13,28.4,8,1,17.4,8,1,22.5,8,1,0,0,8,1,11.5,0,8,1,3.7,8,1,10,8,南南西,8,1,18,8,南南西,8,1,南南西,8,1,14.1,8,1,54,8,1,25,8,1,1000.7,8,1,1003.5,8,1,996.8,0,8,1,2.3,8,1,晴,8,1,晴,8,1,0,0,8,1
2015/5/14,28.6,8,1,16.9,8,1,23.1,8,1,0,1,8,1,10.2,0,8,1,3.2,8,1,6.4,8,南南東,8,1,9.4,8,南,8,1,南,8,1,12.8,8,1,46,8,1,24,8,1,1007,8,1,1009.8,8,1,1007.8,0,8,1,6.3,8,1,晴後薄曇,8,1,薄曇後晴,8,1,0,1,8,1
2015/5/15,27.8,8,1,18.9,8,1,22.7,8,1,0,1,8,1,8.8,0,8,1,3.4,8,1,6.9,8,南東,8,1,11.1,8,南東,8,1,南南東,8,1,16.2,8,1,59,8,1,34,8,1,1007.3,8,1,1010.1,8,1,1006.6,0,8,1,6,8,1,晴後曇,8,1,薄曇後一時雨,8,1,0,1,8,1
2015/5/16,23.7,8,1,19.5,8,1,20.9,8,1,3.5,0,8,1,0.1,0,8,1,2.6,8,1,5,8,南東,8,1,8.4,8,北,8,1,南南東,8,1,20.7,8,1,84,8,1,62,8,1,1000.6,8,1,1003.4,8,1,1001.7,0,8,1,10,8,1,曇一時雨,8,1,曇,8,1,0.5,0,8,1
2015/5/17,27.8,8,1,18.9,8,1,22.2,8,1,0,1,8,1,10,0,8,1,3.1,8,1,6.4,8,南,8,1,10.5,8,南西,8,1,南,8,1,16.2,8,1,63,8,1,21,8,1,1006.8,8,1,1009.6,8,1,1005,0,8,1,10,8,1,薄曇,8,1,薄曇,8,1,0,1,8,1
2015/5/18,26.2,5,1,17.5,8,1,21.5,8,1,3.5,0,8,1,4.8,0,8,1,3.6,8,1,6.7,8,南南東,8,1,12.3,8,南南東,8,1,南南東,8,1,18.4,8,1,73,8,1,47,5,1,1009.3,8,1,1012.1,8,1,1006.8,0,8,1,10,8,1,曇,8,1,雨時々曇,8,1,2,0,8,1
2015/5/19,24.2,8,1,16.6,8,1,20.2,8,1,4.5,0,8,1,0,0,8,1,1.9,8,1,4.1,8,北西,8,1,7.8,8,南南西,8,1,北西,8,1,21.2,8,1,90,8,1,74,8,1,1000.7,8,1,1003.5,8,1,1001.3,0,8,1,10,8,1,曇一時雨,8,1,曇,8,1,1,0,8,1
2015/5/20,27.3,8,1,18.3,8,1,22.2,8,1,0.5,0,8,1,7.9,0,5,1,2.8,5,1,4.9,5,南南東),5,1,8.9,5,北北東),5,1,北東,8,1,18.3,8,1,70,8,1,46,8,1,998.7,8,1,1001.5,8,1,997.7,0,8,1,9,8,1,晴時々薄曇,8,1,曇時々雨、雷を伴う,8,1,0.5,0,8,1
2015/5/21,25.7,8,1,13.4,8,1,19.5,8,1,8.5,0,8,1,9.8,0,8,1,4,8,1,7.9,8,北西,8,1,14.4,8,北西,8,1,北北西,8,1,11.6,8,1,55,8,1,22,8,1,1004.1,8,1,1006.9,8,1,999.9,0,8,1,3.5,8,1,晴,8,1,晴後時々薄曇,8,1,2.5,0,8,1
2015/5/22,26,8,1,15,8,1,20.5,8,1,0,1,8,1,10.1,0,8,1,4.1,8,1,7.1,8,南,8,1,12.3,8,南,8,1,南,8,1,13.8,8,1,59,8,1,34,8,1,1010.5,8,1,1013.3,8,1,1011,0,8,1,6.3,8,1,薄曇,8,1,晴,8,1,0,1,8,1
2015/5/23,27.1,8,1,16.1,8,1,21.6,8,1,0,1,8,1,10.3,0,8,1,3,8,1,5.8,8,南南西,8,1,9.2,8,南南西,8,1,南南東,8,1,14.4,8,1,57,8,1,34,8,1,1009.3,8,1,1012.1,8,1,1010.1,0,8,1,9.5,8,1,薄曇一時晴,8,1,曇,8,1,0,1,8,1
2015/5/24,26,8,1,17.3,8,1,21,8,1,0,1,8,1,7.4,0,8,1,2.7,8,1,5.4,8,南,8,1,9.8,8,南南西,8,1,南,8,1,14.9,8,1,61,8,1,34,8,1,1005.9,8,1,1008.7,8,1,1006.9,0,8,1,10,8,1,曇後一時晴,8,1,薄曇時々晴,8,1,0,1,8,1
2015/5/25,26.1,8,1,16.6,8,1,21.3,8,1,0,1,8,1,6.5,0,8,1,2.4,8,1,5.1,8,東北東,8,1,9.5,8,南東,8,1,東北東,8,1,16.9,8,1,68,8,1,42,8,1,1007.1,8,1,1009.9,8,1,1008.4,0,8,1,9.3,8,1,曇一時晴,8,1,曇後晴,8,1,0,1,8,1
2015/5/26,30.9,8,1,16.9,8,1,23.3,8,1,0,1,8,1,12.5,0,8,1,2.6,8,1,5.5,8,南,8,1,8,8,南西,8,1,南,8,1,14.1,8,1,53,8,1,13,8,1,1005,8,1,1007.8,8,1,1005.2,0,8,1,1,8,1,晴,8,1,快晴,8,1,0,1,8,1
2015/5/27,30.2,8,1,18.7,8,1,23.9,8,1,0,1,8,1,12.6,0,8,1,3.2,8,1,7,8,南東,8,1,10,8,南南東,8,1,南東,8,1,15.8,8,1,55,8,1,30,8,1,1007.2,8,1,1010,8,1,1008.3,0,8,1,2.5,8,1,晴後一時薄曇,8,1,曇一時晴,8,1,0,1,8,1
2015/5/28,26.8,8,1,18.4,8,1,22.1,8,1,0,1,8,1,4.7,0,8,1,3.1,8,1,6.2,8,南南東,8,1,9.5,8,南,8,1,南南東,8,1,17.8,8,1,68,8,1,47,8,1,1011.6,8,1,1014.4,8,1,1012.7,0,8,1,10,8,1,曇後一時晴,8,1,曇,8,1,0,1,8,1
2015/5/29,22.8,8,1,18.3,8,1,20.7,8,1,9,0,8,1,0,0,8,1,3,8,1,6,8,北北東,8,1,10.3,8,北北東,8,1,北,8,1,20.2,8,1,83,8,1,64,8,1,1007.1,8,1,1009.9,8,1,1005.2,0,8,1,10,8,1,曇後時々雨,8,1,曇時々雨後一時晴,8,1,2,0,8,1
2015/5/30,29.6,8,1,18.4,8,1,23.4,8,1,0,1,8,1,10.3,0,8,1,3.3,8,1,6.7,8,南,8,1,10,8,南,8,1,北北西,8,1,19.1,8,1,68,8,1,38,8,1,998.8,8,1,1001.6,8,1,999,0,8,1,7.8,8,1,晴後時々薄曇,8,1,曇,8,1,0,1,8,1
2015/5/31,32.2,8,1,20.6,8,1,25.7,8,1,0,0,8,1,10.4,0,8,1,2.6,8,1,6,8,南南東,8,1,10.7,8,北西,8,1,北北西,8,1,18.3,8,1,59,8,1,20,8,1,1000.2,8,1,1002.9,8,1,999.2,0,8,1,6.5,8,1,晴後一時薄曇,8,1,曇,8,1,0,0,8,1
2015/6/1,27.7,8,1,20.8,8,1,23.6,8,1,0,1,8,1,10.7,0,8,1,3.5,8,1,5.7,8,南東,8,1,9.5,8,南東,8,1,南,8,1,14.6,8,1,51,8,1,34,8,1,1009.2,8,1,1012,8,1,1009.2,0,8,1,8,8,1,晴後薄曇,8,1,薄曇時々晴,8,1,0,1,8,1
2015/6/2,28.7,8,1,19.7,8,1,23.5,8,1,0,1,8,1,8.4,0,8,1,4.1,8,1,7.7,8,南南東,8,1,13,8,南南東,8,1,南南東,8,1,18.8,8,1,65,8,1,43,8,1,1008.3,8,1,1011.1,8,1,1007.6,0,8,1,7.8,8,1,曇時々晴,8,1,曇後一時雨,8,1,0,1,8,1
2015/6/3,22.9,8,1,20.1,8,1,21.7,8,1,16,0,8,1,0,0,8,1,2.4,8,1,5.5,8,南,8,1,9.9,8,南西,8,1,南,8,1,22.9,8,1,89,8,1,74,8,1,998.1,8,1,1000.9,8,1,997.6,0,8,1,10,8,1,雨一時曇,8,1,曇時々晴,8,1,2.5,0,8,1
2015/6/4,29.1,8,1,18.6,8,1,23.1,8,1,0,1,8,1,12.5,0,8,1,4.7,8,1,7.7,8,北西,8,1,15.4,8,西北西,8,1,北北西,8,1,9.5,8,1,35,8,1,22,8,1,1001.2,8,1,1003.9,8,1,999.5,0,8,1,4.3,8,1,薄曇後晴,8,1,晴後薄曇,8,1,0,1,8,1
2015/6/5,22.5,8,1,14.2,8,1,18.8,8,1,27,0,8,1,2.1,0,8,1,2.4,8,1,6.2,8,西北西,8,1,9.8,8,西北西,8,1,南南東,8,1,13.8,8,1,65,8,1,34,8,1,1007.3,8,1,1010.2,8,1,1007,0,8,1,10,8,1,曇後時々雨,8,1,大雨,8,1,2,0,8,1
2015/6/6,24.6,8,1,13.4,8,1,18,8,1,23.5,0,8,1,2.5,0,8,1,2.7,8,1,5,8,南東,8,1,10.2,8,北北西,8,1,北北西,8,1,16.2,8,1,80,8,1,50,8,1,1006.1,8,1,1009,8,1,1002.9,0,8,1,10,8,1,曇時々雨一時晴,8,1,曇一時晴,8,1,3,0,8,1
2015/6/7,25.5,8,1,16.1,8,1,20.8,8,1,0,1,8,1,7.8,0,8,1,3.2,8,1,6,8,南,8,1,10.2,8,南,8,1,南,8,1,15.6,8,1,65,8,1,39,8,1,1016.1,8,1,1018.9,8,1,1016.9,0,8,1,7.5,8,1,晴後薄曇,8,1,薄曇時々晴,8,1,0,1,8,1
2015/6/8,25.3,8,1,17.2,8,1,21,8,1,0.5,0,8,1,5.2,0,8,1,3.8,8,1,6.6,8,南南東,8,1,10.6,8,南南東,8,1,南南東,8,1,16.9,8,1,69,8,1,42,8,1,1014.7,8,1,1017.5,8,1,1013.5,0,8,1,9.3,8,1,薄曇,8,1,雨一時曇,8,1,0.5,0,8,1
2015/6/9,21.9,8,1,17.3,8,1,19.5,8,1,33,0,8,1,0,0,8,1,2.5,8,1,6.7,8,北西,8,1,11,8,北西,8,1,南南西,8,1,20.8,8,1,92,8,1,77,8,1,1001.3,8,1,1004.1,8,1,1000.3,0,8,1,10,8,1,曇時々雨,8,1,曇後一時晴,8,1,2.5,0,8,1
2015/6/10,27.8,8,1,17.5,8,1,22.6,8,1,0,1,8,1,8.1,0,8,1,2.8,8,1,6.5,8,南南東,8,1,10.3,8,南東,8,1,南南東,8,1,18.6,8,1,69,8,1,50,8,1,1005.6,8,1,1008.4,8,1,1004.1,0,8,1,9.5,8,1,薄曇,8,1,薄曇,8,1,0,1,8,1
2015/6/11,27.5,8,1,18.9,8,1,23,8,1,0,0,8,1,5.4,0,8,1,2.6,8,1,5.4,8,南東,8,1,7.9,8,南南東,8,1,南南東,8,1,19.7,8,1,71,8,1,45,8,1,1007.2,8,1,1010,8,1,1007.9,0,8,1,10,8,1,薄曇,8,1,曇後雨,8,1,0,0,8,1
2015/6/12,25,8,1,18.9,8,1,21.4,8,1,4.5,0,8,1,0.1,0,8,1,1.8,8,1,3.7,8,南南西,8,1,5.5,8,南南西,8,1,北,8,1,22.8,8,1,89,8,1,71,8,1,1002.4,8,1,1005.2,8,1,1003.1,0,8,1,10,8,1,雨後曇,8,1,曇時々雨,8,1,0.5,0,8,1
2015/6/13,29,8,1,20.8,8,1,24,8,1,0,0,8,1,3.7,0,8,1,2.7,8,1,5.2,8,南,8,1,9,8,南南東,8,1,南南東,8,1,23.3,8,1,79,8,1,54,8,1,1006.7,8,1,1009.4,8,1,1006.5,0,8,1,9.8,8,1,曇一時晴,8,1,曇後時々雨,8,1,0,0,8,1
2015/6/14,26.8,8,1,20.5,8,1,22.5,8,1,1.5,0,8,1,1.6,0,8,1,2.4,8,1,5.9,8,南南東,8,1,8.1,8,南南東,8,1,南南東,8,1,22.5,8,1,83,8,1,57,8,1,1007.4,8,1,1010.2,8,1,1008.7,0,8,1,10,8,1,曇一時雨,8,1,曇後一時晴,8,1,0.5,0,8,1
2015/6/15,30.8,8,1,19.5,8,1,24.6,8,1,0,1,8,1,12.2,0,8,1,2.5,8,1,6.5,8,南東,8,1,10.4,8,南東,8,1,南南東,8,1,20.7,8,1,69,8,1,42,8,1,1005.4,8,1,1008.2,8,1,1006.2,0,8,1,9.8,8,1,薄曇一時晴,8,1,薄曇,8,1,0,1,8,1
2015/6/16,27.2,8,1,20,8,1,23.3,8,1,31,0,8,1,1.1,0,8,1,2.2,8,1,4.9,8,南南東,8,1,8.1,8,南南東,8,1,南南東,8,1,21.6,8,1,76,8,1,52,8,1,1002.8,8,1,1005.6,8,1,1003,0,8,1,9.8,8,1,曇,8,1,曇一時大雨,8,1,14,0,8,1
2015/6/17,24.8,8,1,19.8,8,1,21.6,8,1,11,0,8,1,0.6,0,8,1,2.2,8,1,4.3,8,東南東,8,1,7.3,8,東,8,1,東北東,8,1,22.5,8,1,88,8,1,67,8,1,1003.8,8,1,1006.6,8,1,1004.4,0,8,1,9.5,8,1,曇一時雨,8,1,曇一時雨,8,1,5.5,0,8,1
2015/6/18,26.1,8,1,19.8,8,1,21.9,8,1,0,0,8,1,0.7,0,8,1,3,8,1,8.2,8,南東,8,1,13.8,8,南東,8,1,南東,8,1,19.9,8,1,76,8,1,59,8,1,1008.3,8,1,1011.1,8,1,1009.7,0,8,1,10,8,1,曇後一時雨,8,1,曇後雨,8,1,0,0,8,1
2015/6/19,20.8,8,1,17.6,8,1,19.1,8,1,10.5,0,8,1,0,0,8,1,2.7,8,1,4.4,8,北北東,8,1,9.3,8,北東,8,1,東北東,8,1,20.4,8,1,92,8,1,77,8,1,1005.9,8,1,1008.7,8,1,1006.7,0,8,1,10,8,1,雨,8,1,曇時々雨後一時晴,8,1,2.5,0,8,1
2015/6/20,26.9,8,1,17.2,8,1,21.7,8,1,0,0,8,1,9.4,0,8,1,2.9,8,1,6.1,8,南東,8,1,9.1,8,南南東,8,1,南南東,8,1,17.5,8,1,69,8,1,41,8,1,1006,8,1,1008.8,8,1,1007.4,0,8,1,10,8,1,薄曇一時晴,8,1,曇,8,1,0,0,8,1
2015/6/21,22.8,8,1,18.2,8,1,20.6,8,1,0.5,0,8,1,0.1,0,8,1,1.8,8,1,3.7,8,南,8,1,5.7,8,南,8,1,南南西,8,1,20.8,8,1,86,8,1,71,8,1,1007.8,8,1,1010.6,8,1,1009.4,0,8,1,8,8,1,雨時々曇,8,1,晴後曇一時雨,8,1,0.5,0,8,1
2015/6/22,26.8,8,1,18.5,8,1,22.6,8,1,0,0,8,1,2.1,0,8,1,2.3,8,1,4.7,8,南,8,1,7.1,8,南南東,8,1,南,8,1,20.4,8,1,76,8,1,53,8,1,1009.4,8,1,1012.2,8,1,1011.2,0,8,1,9.8,8,1,曇,8,1,薄曇,8,1,0,0,8,1
2015/6/23,28.8,8,1,18.4,8,1,23.4,8,1,20,0,8,1,6.1,0,8,1,2.7,8,1,5.7,8,南南東,8,1,9,8,南,8,1,南南東,8,1,21.7,8,1,77,8,1,52,8,1,1009.3,8,1,1012,8,1,1010,0,8,1,9,8,1,晴時々曇,8,1,雨一時曇後晴、雷を伴う,8,1,6,0,8,1
2015/6/24,29.9,8,1,18,8,1,23.8,8,1,0,0,8,1,12.4,0,8,1,2.4,8,1,5.3,8,南東,8,1,8.3,8,南南東,8,1,南,8,1,20.6,8,1,72,8,1,43,8,1,1007.7,8,1,1010.4,8,1,1008.5,0,8,1,2.8,8,1,晴,8,1,薄曇時々晴,8,1,0,0,8,1
2015/6/25,28.7,8,1,20.6,8,1,24.3,8,1,0,1,8,1,7.8,0,8,1,2.9,8,1,7.3,8,南東,8,1,10.7,8,南南東,8,1,南東,8,1,21.5,8,1,72,8,1,53,8,1,1005.8,8,1,1008.6,8,1,1006.3,0,8,1,6.3,8,1,晴一時曇,8,1,晴時々薄曇,8,1,0,1,8,1
2015/6/26,25.6,8,1,20.6,8,1,22.4,8,1,13,0,8,1,0.2,0,8,1,2.4,8,1,5.4,8,南南東,8,1,9.3,8,南南東,8,1,南南東,8,1,23.2,8,1,86,8,1,64,8,1,1002.4,8,1,1005.2,8,1,1001.1,0,8,1,9.5,8,1,曇後雨,8,1,雨,8,1,1.5,0,8,1
2015/6/27,25.5,8,1,20.6,8,1,22.6,8,1,3,0,8,1,0,0,8,1,1.5,8,1,2.8,8,北西,8,1,4.8,8,北東,8,1,北西,8,1,26.6,8,1,97,8,1,84,8,1,994.3,8,1,997,8,1,994.6,0,8,1,10,8,1,雨後曇,8,1,曇後一時晴,8,1,0.5,0,8,1
2015/6/28,31.4,8,1,18.4,8,1,23.2,8,1,0,1,8,1,8,0,8,1,2.7,8,1,5.9,8,南東,8,1,10.7,8,南南東,8,1,東北東,8,1,19.6,8,1,70,8,1,36,8,1,998.4,8,1,1001.2,8,1,995.5,0,8,1,8.5,8,1,晴後曇,8,1,曇,8,1,0,1,8,1
2015/6/29,26.3,8,1,18,8,1,21.6,8,1,0,1,8,1,6.4,0,8,1,3.2,5,1,5.6,8,南南東,8,1,9.1,8,南,8,1,南,8,1,17.3,8,1,68,8,1,47,8,1,1007.1,8,1,1009.9,8,1,1008.1,0,8,1,8.8,8,1,晴一時曇,8,1,曇時々晴,8,1,0,1,8,1
2015/6/30,26.7,8,1,19.8,8,1,22.5,8,1,0.5,0,8,1,2.1,0,8,1,3.2,8,1,5.9,8,南東,8,1,8.7,8,南南東,8,1,南,8,1,20.2,8,1,75,8,1,54,8,1,1002.8,8,1,1005.6,8,1,1001.1,0,8,1,10,8,1,曇,8,1,雨一時曇,8,1,0.5,0,8,1
2015/7/1,22.4,8,1,19.2,8,1,20.5,8,1,13.5,0,8,1,0,0,8,1,2.1,8,1,5.4,8,南南東,8,1,8,8,南南東,8,1,南南東,8,1,23.6,8,1,98,8,1,91,8,1,992.2,8,1,995,8,1,990.8,0,8,1,10,8,1,雨後一時曇,8,1,曇,8,1,1.5,0,8,1
2015/7/2,25,8,1,20.1,8,1,22.5,8,1,2.5,0,8,1,0.2,0,8,1,1.9,8,1,4,8,南南西,8,1,6.4,8,南南西,8,1,南,8,1,24.6,8,1,91,8,1,75,8,1,999.1,8,1,1001.9,8,1,996.9,0,8,1,9.8,8,1,曇一時雨,8,1,曇後時々雨,8,1,1,0,8,1
2015/7/3,23.4,8,1,20.8,8,1,21.9,8,1,67.5,0,8,1,0,0,8,1,2,8,1,4,8,南西,8,1,7.2,8,南西,8,1,南南西,8,1,26,8,1,99,8,1,89,8,1,1003.1,8,1,1005.9,8,1,1004.4,0,8,1,10,8,1,大雨後一時曇,8,1,雨後一時曇,8,1,4,0,8,1
2015/7/4,25.9,8,1,20.8,8,1,22.5,8,1,4,0,8,1,0,0,8,1,1.8,8,1,4,8,南南東,8,1,5.8,8,南南東,8,1,南,8,1,25.9,8,1,96,8,1,75,8,1,1005.7,8,1,1008.5,8,1,1005,0,8,1,10,8,1,雨時々曇,8,1,雨,8,1,0.5,0,8,1
2015/7/5,21.9,8,1,19.1,8,1,20.1,8,1,20,0,8,1,0,0,8,1,1.8,8,1,4,8,南南西,8,1,5.6,8,北北西,8,1,北北東,8,1,22.5,8,1,96,8,1,85,8,1,1008.6,8,1,1011.4,8,1,1010.3,0,8,1,10,8,1,雨時々曇,8,1,曇時々雨,8,1,1,0,8,1
2015/7/6,21.1,8,1,18.9,8,1,19.8,8,1,14.5,0,8,1,0,0,8,1,1.7,8,1,3.1,8,東北東,8,1,5.1,8,北東,8,1,東北東,8,1,22.3,8,1,97,8,1,90,8,1,1010.1,8,1,1012.9,8,1,1012.1,0,8,1,10,8,1,雨,8,1,曇一時雨,8,1,0.5,0,8,1
2015/7/7,24.3,8,1,18.7,8,1,21.3,8,1,0,0,8,1,0,0,8,1,1.5,8,1,4.2,8,南,8,1,6.8,8,南,8,1,南,8,1,23.1,8,1,91,8,1,75,8,1,1010.6,8,1,1013.4,8,1,1012.1,0,8,1,10,8,1,雨時々曇,8,1,曇一時雨,8,1,0,0,8,1
2015/7/8,26.6,8,1,19.2,8,1,22.4,8,1,11,0,8,1,0.2,0,8,1,1.7,8,1,4.4,8,東北東,8,1,6.9,8,東北東,8,1,南,8,1,25,8,1,93,8,1,68,8,1,1012.1,8,1,1014.9,8,1,1013.7,0,8,1,10,8,1,曇後雨,8,1,雨,8,1,0.5,0,8,1
2015/7/9,20.4,8,1,18.6,8,1,19.4,8,1,11,0,8,1,0,0,8,1,2,8,1,4.2,8,北東,8,1,6.7,8,北東,8,1,北北東,8,1,21.8,8,1,97,8,1,90,8,1,1013.7,8,1,1016.5,8,1,1015.3,0,8,1,10,8,1,雨一時曇,8,1,曇時々雨,8,1,1,0,8,1
2015/7/10,28.9,8,1,17.6,8,1,23.2,8,1,0.5,0,8,1,9.1,0,8,1,2.1,8,1,5.3,8,南南東,8,1,7.8,8,南東,8,1,南南東,8,1,22.3,8,1,80,8,1,57,8,1,1012.3,8,1,1015.2,8,1,1012.9,0,8,1,5.8,8,1,晴一時曇,8,1,晴,8,1,0.5,0,8,1
2015/7/11,31.3,8,1,21.1,8,1,25.9,8,1,0,1,8,1,11.5,0,8,1,2.8,8,1,5.8,8,南,8,1,9,8,南,8,1,南,8,1,24.8,8,1,76,8,1,51,8,1,1009.8,8,1,1012.5,8,1,1010.5,0,8,1,2,8,1,晴一時曇,8,1,晴一時薄曇,8,1,0,1,8,1
2015/7/12,32,8,1,22.4,8,1,27.2,8,1,0,1,8,1,12.6,0,8,1,2.7,8,1,5.8,8,南東,8,1,9.4,8,南東,8,1,南,8,1,26.2,8,1,74,8,1,48,8,1,1006.9,8,1,1009.7,8,1,1007.9,0,8,1,5.8,8,1,晴時々薄曇,8,1,薄曇時々晴,8,1,0,1,8,1
2015/7/13,34.2,8,1,24.1,8,1,29.4,8,1,0,1,8,1,11.5,0,8,1,5,8,1,9.3,8,南南西,8,1,16.8,8,南南西,8,1,南南西,8,1,27.1,8,1,67,8,1,47,8,1,1003.5,8,1,1006.2,8,1,1003.9,0,8,1,9.5,8,1,薄曇,8,1,薄曇後晴,8,1,0,1,8,1
2015/7/14,34.3,8,1,26.7,8,1,29.9,8,1,0,1,8,1,13.3,0,8,1,6.8,8,1,10.3,8,南,8,1,17.6,8,南南西,8,1,南,8,1,25.2,8,1,61,8,1,42,8,1,1002.8,8,1,1005.5,8,1,1004.1,0,8,1,1.8,8,1,快晴,8,1,晴,8,1,0,1,8,1
2015/7/15,33.2,8,1,24.2,8,1,28.4,8,1,0,0,8,1,13,0,8,1,4.7,8,1,9.2,8,南,8,1,15.2,8,南南東,8,1,南,8,1,24.8,8,1,65,8,1,43,8,1,1005.6,8,1,1008.3,8,1,1006.5,0,8,1,5.5,8,1,晴,8,1,大雨時々曇,8,1,0,0,8,1
2015/7/16,28.9,8,1,23.6,8,1,26.4,8,1,63.5,0,8,1,0.2,0,8,1,4.8,8,1,9.5,8,南,8,1,17.4,8,南,8,1,南南東,8,1,30.8,8,1,90,8,1,77,8,1,1004.5,8,1,1007.2,8,1,1005.8,0,8,1,10,8,1,曇時々雨,8,1,曇一時雨,8,1,9,0,8,1
2015/7/17,30.4,8,1,22.8,8,1,26.7,8,1,14.5,0,8,1,1.1,0,8,1,5.3,8,1,9.7,8,南南西,8,1,17.3,8,南南西,8,1,南,8,1,28.9,8,1,83,8,1,60,8,1,1005.1,8,1,1007.8,8,1,1005.3,0,8,1,10,8,1,曇一時雨,8,1,薄曇時々晴,8,1,4,0,8,1
2015/7/18,29.9,8,1,25.6,8,1,27.2,8,1,0.5,0,8,1,2.7,0,8,1,5.5,8,1,8.5,8,南南西,8,1,14.7,8,南南西,8,1,南,8,1,27.6,8,1,77,8,1,58,8,1,1006.7,8,1,1009.5,8,1,1008.6,0,8,1,9.3,8,1,曇後雨,8,1,曇時々晴一時雨,8,1,0.5,0,8,1
2015/7/19,34.8,8,1,25,8,1,29.4,8,1,0,0,8,1,8.3,0,8,1,3.3,8,1,6,8,南,8,1,11,8,南南西,8,1,南,8,1,27.9,8,1,69,8,1,47,8,1,1009.1,8,1,1011.8,8,1,1010.4,0,8,1,6.5,8,1,晴後曇,8,1,曇一時晴,8,1,0,0,8,1
2015/7/20,33.5,8,1,25.8,8,1,28.8,8,1,0,0,8,1,6.7,0,8,1,2.4,8,1,6.4,8,南南東,8,1,8.8,8,南南東,8,1,南南東,8,1,29.5,8,1,75,8,1,59,8,1,1010.6,8,1,1013.3,8,1,1012.4,0,8,1,8,8,1,晴時々曇,8,1,晴一時曇,8,1,0,0,8,1
2015/7/21,34.9,8,1,25.4,8,1,29.4,8,1,0,1,8,1,13.2,0,8,1,3.8,8,1,7.5,8,南,8,1,12.4,8,南,8,1,南,8,1,26.2,8,1,65,8,1,43,8,1,1009.3,8,1,1012,8,1,1010.1,0,8,1,1.5,8,1,晴,8,1,快晴,8,1,0,1,8,1
2015/7/22,32.8,8,1,25.4,8,1,28.9,8,1,0,1,8,1,13.4,0,8,1,6.4,8,1,10.7,8,南南西,8,1,18.5,8,南西,8,1,南南西,8,1,23.9,8,1,61,8,1,45,8,1,1008.6,8,1,1011.3,8,1,1010.2,0,8,1,1.8,8,1,晴一時薄曇,8,1,雨時々曇,8,1,0,1,8,1
2015/7/23,30.4,8,1,24.7,8,1,27,8,1,4.5,0,8,1,2.7,0,8,1,4.5,8,1,8,8,南南西,8,1,14.1,8,南南西,8,1,南南西,8,1,28.2,8,1,80,8,1,62,8,1,1006.9,8,1,1009.7,8,1,1007.4,0,8,1,9.5,8,1,曇時々雨,8,1,曇,8,1,1,0,8,1
2015/7/24,33.9,8,1,25,8,1,28.1,8,1,7,0,8,1,5.2,0,8,1,2,8,1,4.4,8,南南東,8,1,7.5,8,北北東,8,1,南南東,8,1,31.1,8,1,83,8,1,56,8,1,1007.2,8,1,1010,8,1,1008.7,0,8,1,9,8,1,曇後一時雨、雷を伴う,8,1,晴一時曇,8,1,4,0,8,1
2015/7/25,33.1,8,1,24.7,8,1,28.6,8,1,0,1,8,1,8.4,0,8,1,2.2,8,1,5.3,8,南南東,8,1,7.3,8,南南東,8,1,南南東,8,1,31,8,1,80,8,1,59,8,1,1006.5,8,1,1009.3,8,1,1007.9,0,8,1,7,8,1,薄曇後一時晴,8,1,晴,8,1,0,1,8,1
2015/7/26,35.8,8,1,26,8,1,30.3,8,1,0,1,8,1,12.4,0,8,1,2.4,8,1,5.6,8,南南東,8,1,8.6,8,南南東,8,1,南南東,8,1,30.5,8,1,72,8,1,44,8,1,1007.3,8,1,1010,8,1,1008.8,0,8,1,5,8,1,薄曇時々晴,8,1,晴,8,1,0,1,8,1
2015/7/27,35,8,1,25.6,8,1,30.4,8,1,0,1,8,1,12.9,0,8,1,2.7,8,1,5.1,8,南東,8,1,8.2,8,南,8,1,南南東,8,1,29.4,8,1,69,8,1,52,8,1,1004.4,8,1,1007.1,8,1,1004.7,0,8,1,2.5,8,1,晴,8,1,晴後曇,8,1,0,1,8,1
2015/7/28,34.1,8,1,27.1,8,1,29.6,8,1,0,0,8,1,6.4,0,8,1,2.4,8,1,5.1,8,南南東,8,1,8,8,南南東,8,1,南南東,8,1,29.7,8,1,72,8,1,48,8,1,1003.1,8,1,1005.8,8,1,1004.4,0,8,1,9,8,1,曇後晴,8,1,曇時々晴,8,1,0,0,8,1
2015/7/29,32.5,8,1,27.1,8,1,29.4,8,1,0,1,8,1,3.2,0,8,1,2.6,8,1,5.8,8,南南東,8,1,9.1,8,南南東,8,1,南東,8,1,28.4,8,1,70,8,1,54,8,1,1004.8,8,1,1007.5,8,1,1006.4,0,8,1,10,8,1,曇時々晴,8,1,曇後一時晴,8,1,0,1,8,1
2015/7/30,34.3,8,1,26.5,8,1,29.1,8,1,0,0,8,1,3.6,0,8,1,2.2,8,1,4.8,8,南南東,8,1,7.3,8,南南東,8,1,南,8,1,30.1,8,1,75,8,1,45,8,1,1006,8,1,1008.7,8,1,1007.8,0,8,1,10,8,1,曇後一時雨、雷を伴う,8,1,晴一時曇,8,1,0,0,8,1
2015/7/31,35,8,1,25.9,8,1,30,8,1,0,1,8,1,10,0,8,1,2.7,8,1,5.2,8,南東,8,1,7.4,8,南南東,8,1,南南東,8,1,29.8,8,1,72,8,1,42,8,1,1006.7,8,1,1009.4,8,1,1008.1,0,8,1,3,8,1,晴,8,1,快晴,8,1,0,1,8,1
2015/8/1,35.3,8,1,26.6,8,1,30.5,8,1,0,1,8,1,8.9,0,8,1,2.6,8,1,5.1,8,南,8,1,8.5,8,南,8,1,南,8,1,32.4,8,1,76,8,1,50,8,1,1007.6,8,1,1010.3,8,1,1009.1,0,8,1,3,8,1,晴,8,1,晴一時曇,8,1,0,1,8,1
2015/8/2,35.1,8,1,26.3,8,1,30.2,8,1,0,0,8,1,9.6,0,8,1,2.6,8,1,5.6,8,南南東,8,1,9.3,8,南東,8,1,南南東,8,1,30.2,8,1,71,8,1,54,8,1,1009.2,8,1,1011.9,8,1,1010.5,0,8,1,3.5,8,1,晴,8,1,曇時々晴,8,1,0,0,8,1
2015/8/3,35,8,1,26.1,8,1,29.8,8,1,0,1,8,1,12,0,8,1,3.1,8,1,6.7,8,南,8,1,10.8,8,南,8,1,南,8,1,28.9,8,1,69,8,1,52,8,1,1008.7,8,1,1011.4,8,1,1009.8,0,8,1,2,8,1,晴,8,1,晴,8,1,0,1,8,1
2015/8/4,35.1,8,1,26.5,8,1,30,8,1,0,1,8,1,11.4,0,8,1,3.4,8,1,6.6,8,南南東,8,1,10.5,8,南南東,8,1,南,8,1,28.9,8,1,69,8,1,53,8,1,1007.4,8,1,1010.1,8,1,1008.8,0,8,1,2.3,8,1,晴,8,1,晴,8,1,0,1,8,1
2015/8/5,35.2,8,1,25.7,8,1,30.2,8,1,0,1,8,1,12.8,0,8,1,4.1,8,1,8.2,8,南南東,8,1,13.1,8,南南東,8,1,南,8,1,29.4,8,1,69,8,1,47,8,1,1007.4,8,1,1010.1,8,1,1008.9,0,8,1,0.3,8,1,快晴,8,1,快晴,8,1,0,1,8,1
2015/8/6,35.9,8,1,26.8,8,1,30.9,8,1,0,1,8,1,11.9,0,8,1,3,8,1,6.7,8,南東,8,1,10,8,南東,8,1,南南東,8,1,30,8,1,68,8,1,52,8,1,1009.8,8,1,1012.5,8,1,1010.9,0,8,1,2,8,1,晴,8,1,晴後一時薄曇,8,1,0,1,8,1
2015/8/7,37.7,8,1,26.8,8,1,31.5,8,1,0,1,8,1,9.2,0,8,1,2.6,8,1,6.1,8,南東,8,1,9.8,8,南南東,8,1,北北西,8,1,27.7,8,1,61,8,1,42,8,1,1011.6,8,1,1014.3,8,1,1012.3,0,8,1,6,8,1,晴後時々薄曇,8,1,曇時々晴,8,1,0,1,8,1
2015/8/8,32.6,8,1,24.9,8,1,27.6,8,1,0,1,8,1,4.3,0,8,1,3.2,8,1,5.7,8,東北東,8,1,10.6,8,東北東,8,1,東北東,8,1,26,8,1,71,8,1,53,8,1,1011.6,8,1,1014.4,8,1,1012.2,0,8,1,9.3,8,1,曇時々晴,8,1,曇一時晴,8,1,0,1,8,1
2015/8/9,33.4,8,1,24.7,8,1,27.9,8,1,0,1,8,1,3.4,0,8,1,2.5,8,1,4.6,8,東南東,8,1,7.7,8,東南東,8,1,北東,8,1,25.2,8,1,68,8,1,47,8,1,1008.4,8,1,1011.2,8,1,1009.5,0,8,1,7.8,8,1,晴一時曇,8,1,晴後曇,8,1,0,1,8,1
2015/8/10,31.9,8,1,25.5,8,1,27.9,8,1,1,0,8,1,2,0,8,1,2.6,8,1,6.1,8,東南東,8,1,10.5,8,東,8,1,北東,8,1,29.4,8,1,79,8,1,59,8,1,1006,8,1,1008.7,8,1,1006.8,0,8,1,8.5,8,1,曇一時雨、雷を伴う,8,1,曇時々晴,8,1,1,0,8,1
2015/8/11,35.5,8,1,25.3,8,1,29.4,8,1,0,1,8,1,7.8,0,8,1,2.6,8,1,4.7,8,東北東,8,1,9.3,8,東,8,1,東北東,8,1,27.9,8,1,70,8,1,45,8,1,1003.1,8,1,1005.8,8,1,1003.8,0,8,1,7.5,8,1,曇後時々晴,8,1,曇,8,1,0,1,8,1
2015/8/12,33.7,8,1,26.3,8,1,28.9,8,1,0,0,8,1,3,0,8,1,2.3,8,1,4.8,8,南東,8,1,7.8,8,西,8,1,南,8,1,28.9,8,1,73,8,1,53,8,1,1002.5,8,1,1005.2,8,1,1003.9,0,8,1,10,8,1,曇一時晴,8,1,曇後一時雨,8,1,0,0,8,1
2015/8/13,30.5,8,1,25.3,8,1,27.5,8,1,1,0,8,1,2.2,0,8,1,3,8,1,6.4,8,南東,8,1,10.3,8,南南東,8,1,南南東,8,1,30.1,8,1,82,8,1,62,8,1,1000.4,8,1,1003.1,8,1,1001.1,0,8,1,9,8,1,曇一時雨,8,1,曇後一時雨,8,1,0.5,0,8,1
2015/8/14,31.8,8,1,24,8,1,26.9,8,1,2,0,8,1,1.5,0,8,1,2.3,8,1,5.3,8,北,8,1,10.8,8,北東,8,1,北北西,8,1,29.5,8,1,84,8,1,62,8,1,1000.6,8,1,1003.3,8,1,1001.7,0,8,1,9.8,8,1,曇一時晴,8,1,曇時々雨,8,1,1.5,0,8,1
2015/8/15,33.1,8,1,24.1,8,1,27.7,8,1,0,0,8,1,7.3,0,8,1,2.5,8,1,6.1,8,南南東,8,1,9.6,8,南南東,8,1,南南東,8,1,27.8,8,1,76,8,1,52,8,1,1004.8,8,1,1007.5,8,1,1006.1,0,8,1,5.3,8,1,晴一時曇,8,1,晴後一時曇,8,1,0,0,8,1
2015/8/16,31.9,8,1,24.6,8,1,27.8,8,1,8,0,8,1,4.7,0,8,1,2.7,8,1,5.5,8,東北東,8,1,8.6,8,東北東,8,1,北東,8,1,28.3,8,1,77,8,1,56,8,1,1006.7,8,1,1009.4,8,1,1008.3,0,8,1,8.3,8,1,曇時々晴,8,1,雨時々曇、雷を伴う,8,1,4.5,0,8,1
2015/8/17,28,8,1,23.6,8,1,25.7,8,1,33.5,0,8,1,0.1,0,8,1,4,8,1,8.9,8,南,8,1,13.5,8,南南西,8,1,南,8,1,31.5,8,1,96,8,1,85,8,1,1005.5,8,1,1008.2,8,1,1005.8,0,8,1,9.3,8,1,雨時々曇,8,1,曇一時雨,8,1,3.5,0,8,1
2015/8/18,31.9,8,1,26,8,1,28.2,8,1,0,0,8,1,4.6,0,8,1,3.8,8,1,7.2,8,南,8,1,12.6,8,南南西,8,1,南南西,8,1,29.1,8,1,76,8,1,63,8,1,1005.3,8,1,1008.1,8,1,1006,0,8,1,9.5,8,1,曇,8,1,曇,8,1,0,0,8,1
2015/8/19,31.4,8,1,25.7,8,1,27.8,8,1,0,0,8,1,5,0,8,1,3,8,1,6,8,南東,8,1,9.5,8,南南東,8,1,南東,8,1,26.1,8,1,70,8,1,52,8,1,1009.7,8,1,1012.5,8,1,1010.1,0,8,1,10,8,1,曇,8,1,曇後一時雨,8,1,0,0,8,1
2015/8/20,27,8,1,24,8,1,25.6,8,1,8,0,8,1,0,0,8,1,1.9,8,1,4.1,8,南東,8,1,7.1,8,南東,8,1,北北西,8,1,30.1,8,1,92,8,1,80,8,1,1007.9,8,1,1010.7,8,1,1009.2,0,8,1,10,8,1,雨後時々曇,8,1,曇一時雨,8,1,1.5,0,8,1
2015/8/21,29.4,8,1,24.5,8,1,26,8,1,2.5,0,8,1,0.1,0,8,1,1.9,8,1,3.9,8,南南東,8,1,7.5,8,南,8,1,南南西,8,1,29.4,8,1,88,8,1,67,8,1,1003.8,8,1,1006.5,8,1,1003.6,0,8,1,10,8,1,曇後一時雨,8,1,曇,8,1,2.5,0,8,1
2015/8/22,32.7,8,1,24.7,8,1,28.3,8,1,0,1,8,1,8.2,0,8,1,3.3,8,1,7,8,南南東,8,1,10.8,8,南南東,8,1,南南東,8,1,30.4,8,1,80,8,1,58,8,1,999,8,1,1001.7,8,1,999.6,0,8,1,7.3,8,1,曇後晴,8,1,曇時々晴,8,1,0,1,8,1
2015/8/23,31.4,8,1,24,8,1,26.7,8,1,0,0,8,1,4.2,0,8,1,3.3,8,1,6.2,8,北東,8,1,12.7,8,東北東,8,1,北東,8,1,26.3,8,1,75,8,1,56,8,1,1001.6,8,1,1004.4,8,1,1001.8,0,8,1,7.8,8,1,曇一時晴,8,1,曇一時晴,8,1,0,0,8,1
2015/8/24,29.3,8,1,21.6,8,1,24.3,8,1,0,1,8,1,2,0,8,1,3.3,8,1,6.3,8,東北東,8,1,10.8,8,東北東,8,1,北北東,8,1,20.3,8,1,67,8,1,51,8,1,1005.3,8,1,1008,8,1,1006.1,0,8,1,9.8,8,1,曇,8,1,曇,8,1,0,1,8,1
2015/8/25,22.9,8,1,18.2,8,1,21.5,8,1,0.5,0,8,1,0.1,0,8,1,3.3,8,1,5.5,8,北東,8,1,9.4,8,北東,8,1,東北東,8,1,17.3,8,1,68,8,1,61,8,1,1008.7,8,1,1011.5,8,1,1010.3,0,8,1,10,8,1,曇後一時雨,8,1,雨一時曇,8,1,0.5,0,8,1
2015/8/26,21.3,8,1,17.9,8,1,19.5,8,1,35.5,0,8,1,0,0,8,1,3.3,8,1,5.3,8,北西,8,1,10.2,8,北北西,8,1,北西,8,1,22.6,8,1,99,8,1,92,8,1,1004.9,8,1,1007.7,8,1,1005.7,0,8,1,10,8,1,雨,8,1,曇時々雨後一時晴,8,1,3,0,8,1
2015/8/27,27.3,8,1,20.2,8,1,23.6,8,1,0,0,8,1,1.3,0,8,1,2.4,8,1,4,8,北西,8,1,6.7,8,北西,8,1,北西,8,1,23.3,8,1,81,8,1,61,8,1,1006.5,8,1,1009.3,8,1,1007.5,0,8,1,10,8,1,曇,8,1,曇後一時雨,8,1,0,0,8,1
2015/8/28,22.9,8,1,19.9,8,1,21.7,8,1,3,0,8,1,0,0,8,1,2.7,8,1,5,8,北東,8,1,10,8,北東,8,1,北,8,1,21.8,8,1,84,8,1,73,8,1,1009.7,8,1,1012.5,8,1,1011.2,0,8,1,10,8,1,曇時々雨,8,1,雨一時曇,8,1,0.5,0,8,1
2015/8/29,21,8,1,19.1,8,1,20,8,1,2.5,0,8,1,0,0,8,1,2.4,8,1,4.3,8,北西,8,1,7.2,8,北,8,1,北北西,8,1,22.9,8,1,98,8,1,91,8,1,1010.1,8,1,1012.9,8,1,1012.2,0,8,1,10,8,1,雨後一時曇,8,1,曇時々雨,8,1,0.5,0,8,1
2015/8/30,22.5,8,1,20.3,8,1,21.2,8,1,3.5,0,8,1,0,0,8,1,1.8,8,1,3.7,8,北東,8,1,6.1,8,北北東,8,1,北北東,8,1,24.1,8,1,96,8,1,88,8,1,1009.8,8,1,1012.6,8,1,1011,0,8,1,10,8,1,雨時々曇,8,1,雨時々曇,8,1,0.5,0,8,1
2015/8/31,24.1,8,1,20.6,8,1,22.1,8,1,2.5,0,8,1,0,0,8,1,1.7,8,1,3.5,8,北東,8,1,5.9,8,北北東,8,1,北北東,8,1,25,8,1,94,8,1,81,8,1,1012,8,1,1014.8,8,1,1012.7,0,8,1,10,8,1,曇一時雨,8,1,雨時々曇,8,1,0.5,0,8,1
2015/9/1,26.5,8,1,21.4,8,1,23.7,8,1,12,0,8,1,0.3,0,8,1,2,8,1,5.3,8,南,8,1,11.1,8,南,8,1,南,8,1,28.2,8,1,96,8,1,82,8,1,1011.7,8,1,1014.5,8,1,1011.7,0,8,1,10,8,1,雨後曇、雷を伴う,8,1,曇時々雨,8,1,5.5,0,8,1
2015/9/2,31.5,8,1,24.5,8,1,26.9,8,1,5.5,0,8,1,6.1,0,8,1,5,8,1,9.1,8,南,8,1,15.4,8,南南東,8,1,南,8,1,28.7,8,1,82,8,1,60,8,1,1007.4,8,1,1010.1,8,1,1007.7,0,8,1,7.8,8,1,曇時々雨後晴,8,1,晴後曇,8,1,1,0,8,1
2015/9/3,30.4,8,1,22.9,8,1,25.7,8,1,1.5,0,8,1,1.5,0,8,1,2.6,8,1,6.5,8,南南西,8,1,10.2,8,南南西,8,1,南,8,1,25.5,8,1,78,8,1,55,8,1,1008.7,8,1,1011.5,8,1,1009.3,0,8,1,9.8,8,1,曇後一時雨,8,1,雨時々曇,8,1,0.5,0,8,1
2015/9/4,30.1,8,1,22.3,8,1,24.7,8,1,14,0,8,1,6.3,0,8,1,2.5,8,1,5.4,8,南,8,1,9.9,8,南南西,8,1,南,8,1,27.2,8,1,88,8,1,55,8,1,1004.9,8,1,1007.7,8,1,1006.3,0,8,1,7.3,8,1,曇後一時雨、雷を伴う,8,1,曇一時晴,8,1,4.5,0,8,1
2015/9/5,29.3,8,1,22.9,8,1,25.4,8,1,0,1,8,1,2.3,0,8,1,2.5,8,1,5.1,8,東,8,1,7.9,8,東南東,8,1,東南東,8,1,22.3,8,1,70,8,1,50,8,1,1008,8,1,1010.7,8,1,1009.2,0,8,1,10,8,1,曇一時晴,8,1,曇,8,1,0,1,8,1
2015/9/6,27.5,8,1,22.4,8,1,23.8,8,1,46.5,0,8,1,0,0,8,1,1.9,8,1,5.9,8,南,8,1,10.4,8,南,8,1,南,8,1,25.9,8,1,88,8,1,66,8,1,1005,8,1,1007.8,8,1,1003.6,0,8,1,10,8,1,曇後時々雨,8,1,大雨後一時曇,8,1,15.5,0,8,1
2015/9/7,26.1,8,1,20.7,8,1,23,8,1,19,0,8,1,0.2,0,8,1,2.3,8,1,5,8,南,8,1,9.5,8,南,8,1,北東,8,1,27.4,8,1,98,8,1,90,8,1,1003.6,8,1,1006.4,8,1,1002.8,0,8,1,10,8,1,雨時々曇,8,1,雨,8,1,2,0,8,1
2015/9/8,21,8,1,18.8,8,1,20,8,1,65.5,0,8,1,0,0,8,1,2.2,8,1,4.5,8,北北東,8,1,9.4,8,北北東,8,1,北,8,1,23.3,8,1,100,8,1,96,8,1,1009.7,8,1,1012.5,8,1,1010.5,0,8,1,10,8,1,大雨,8,1,大雨,8,1,4.5,0,8,1
2015/9/9,25.3,8,1,18.7,8,1,22.4,8,1,156.5,0,8,1,0,0,8,1,2.7,8,1,6.3,8,南東,8,1,13.4,8,東南東,8,1,南,8,1,27,8,1,99,8,1,85,8,1,1005.5,8,1,1008.3,8,1,1005.9,0,8,1,10,8,1,大雨、雷を伴う,8,1,大雨、雷を伴う,8,1,11,0,8,1
2015/9/10,23.5,8,1,19.8,8,1,21.8,8,1,50,0,8,1,0,0,8,1,2.1,8,1,4.8,8,南東,8,1,9.9,8,南南東,8,1,北西,8,1,25.8,8,1,99,8,1,90,8,1,1004.6,8,1,1007.4,8,1,1005.6,0,8,1,10,8,1,雨一時曇,8,1,曇一時雨,8,1,6.5,0,8,1
2015/9/11,29.3,8,1,19.7,8,1,23.9,8,1,0,0,8,1,9.3,0,8,1,2.8,8,1,5.4,8,南東,8,1,7.8,8,南東,8,1,南南東,8,1,23,8,1,79,8,1,52,8,1,1001.8,8,1,1004.5,8,1,1002.4,0,8,1,3.8,8,1,晴一時曇,8,1,晴一時雨,8,1,0,0,8,1
2015/9/12,29.5,8,1,20.5,8,1,24.7,8,1,0,1,8,1,9,0,8,1,2.8,8,1,6.1,8,南,8,1,9.8,8,南,8,1,南,8,1,22.9,8,1,75,8,1,53,8,1,1006.5,8,1,1009.3,8,1,1007.7,0,8,1,2.8,8,1,晴一時曇,8,1,晴,8,1,0,1,8,1
2015/9/13,27.5,8,1,21.7,8,1,24.4,8,1,0,0,8,1,3.4,0,8,1,3.7,8,1,6.4,8,南南西,8,1,12,8,南西,8,1,南,8,1,23.1,8,1,76,8,1,61,8,1,1008.8,8,1,1011.6,8,1,1009.6,0,8,1,6.3,8,1,曇一時晴,8,1,晴後曇,8,1,0,0,8,1
2015/9/14,27.3,8,1,20.5,8,1,22.9,8,1,0,0,8,1,3.2,0,8,1,3.1,8,1,5.3,8,東北東,8,1,10.2,8,東北東,8,1,東北東,8,1,19,8,1,69,8,1,45,8,1,1016.8,8,1,1019.6,8,1,1015.2,0,8,1,8.5,8,1,曇後一時晴,8,1,薄曇,8,1,0,0,8,1
2015/9/15,27.5,8,1,18.8,8,1,22.3,8,1,0,1,8,1,6.2,0,8,1,2.5,8,1,4.9,8,東北東,8,1,9.2,8,北東,8,1,北東,8,1,17.7,8,1,66,8,1,46,8,1,1018.1,8,1,1020.9,8,1,1018.8,0,8,1,9.5,8,1,薄曇時々晴,8,1,薄曇,8,1,0,1,8,1
2015/9/16,25.2,8,1,17.8,8,1,21.1,8,1,4,0,8,1,0.3,0,8,1,2.3,8,1,4.6,8,北東,8,1,8.1,8,北東,8,1,北東,8,1,18.2,8,1,74,8,1,51,8,1,1017.2,8,1,1020.1,8,1,1019.1,0,8,1,10,8,1,曇後時々雨,8,1,雨,8,1,0.5,0,8,1
2015/9/17,18.9,8,1,16.1,8,1,17.9,8,1,74.5,0,8,1,0,0,8,1,2.6,8,1,4.3,8,北西,8,1,9.2,8,北北西,8,1,北北西,8,1,20.1,8,1,98,8,1,94,8,1,1013.3,8,1,1016.2,8,1,1012.6,0,8,1,10,8,1,大雨,8,1,雨時々曇、雷を伴う,8,1,5.5,0,8,1
2015/9/18,23.9,8,1,18,8,1,20.6,8,1,5.5,0,8,1,0.3,0,8,1,1.7,8,1,3.7,8,東北東,8,1,8.5,8,東北東,8,1,北北西,8,1,23.4,8,1,96,8,1,83,8,1,1007.8,8,1,1010.6,8,1,1008.6,0,8,1,10,8,1,雨後時々曇、雷を伴う,8,1,曇一時雨,8,1,0.5,0,8,1
2015/9/19,29.3,8,1,20.4,8,1,24.1,8,1,0,0,8,1,8.3,0,8,1,2.3,8,1,5.5,8,南東,8,1,7.7,8,南東,8,1,北北西,8,1,21.5,8,1,73,8,1,49,8,1,1004.5,8,1,1007.3,8,1,1005.2,0,8,1,8.5,8,1,晴時々曇,8,1,曇一時晴,8,1,0,0,8,1
2015/9/20,28.4,8,1,19.8,8,1,23.3,8,1,0,0,8,1,7.4,0,8,1,2.5,8,1,4.9,8,東北東,8,1,9.2,8,東,8,1,北北西,8,1,16.7,8,1,59,8,1,40,8,1,1006.6,8,1,1009.4,8,1,1007.3,0,8,1,6.5,8,1,晴一時曇,8,1,晴後時々曇,8,1,0,0,8,1
2015/9/21,27.5,8,1,19.5,8,1,22.7,8,1,0,1,8,1,4.8,0,8,1,2.1,8,1,4.2,8,東南東,8,1,6.2,8,東北東,8,1,北東,8,1,18.5,8,1,68,8,1,42,8,1,1010.5,8,1,1013.3,8,1,1011.5,0,8,1,7.3,8,1,曇時々晴,8,1,晴時々曇,8,1,0,1,8,1
2015/9/22,28.5,8,1,19.6,8,1,23,8,1,0,1,8,1,10.7,0,8,1,2.3,8,1,5.7,8,南南東,8,1,8.2,8,南南東,8,1,南南東,8,1,16.9,8,1,62,8,1,34,8,1,1014.7,8,1,1017.5,8,1,1015.3,0,8,1,7.3,8,1,晴,8,1,薄曇一時晴,8,1,0,1,8,1
2015/9/23,27.2,8,1,18.9,8,1,22.4,8,1,0,1,8,1,9.1,0,8,1,2.4,8,1,6,8,南南東,8,1,9.3,8,南南東,8,1,南東,8,1,15.9,8,1,60,8,1,34,8,1,1014,8,1,1016.8,8,1,1014.6,0,8,1,6.8,8,1,薄曇時々晴,8,1,晴時々薄曇,8,1,0,1,8,1
2015/9/24,23,8,1,18.2,8,1,20.4,8,1,1,0,8,1,0.9,0,8,1,2,8,1,3.9,8,北東,8,1,7,8,北東,8,1,北,8,1,19.8,8,1,83,8,1,69,8,1,1009.9,8,1,1012.7,8,1,1009.7,0,8,1,8,8,1,曇後一時雨,8,1,雨一時曇,8,1,0.5,0,8,1
2015/9/25,19.5,8,1,16.1,8,1,17.7,8,1,43,0,8,1,0,0,8,1,2.5,8,1,4.1,8,北北西,8,1,7.9,8,北北西,8,1,北北西,8,1,20,8,1,98,8,1,91,8,1,1004.8,8,1,1007.6,8,1,1006,0,8,1,10,8,1,雨,8,1,雨,8,1,2,0,8,1
2015/9/26,24.6,8,1,17.5,8,1,20.5,8,1,5,0,8,1,0.6,0,8,1,1.8,8,1,3.8,8,北北西,8,1,6.9,8,北北西,8,1,北北西,8,1,21.9,8,1,91,8,1,68,8,1,1006.4,8,1,1009.2,8,1,1006.5,0,8,1,10,8,1,曇一時雨,8,1,曇一時雨,8,1,1.5,0,8,1
2015/9/27,24.5,8,1,19.8,8,1,21.4,8,1,0,0,8,1,0.8,0,8,1,1.6,8,1,3.5,8,北北東,8,1,6.1,8,北東,8,1,北東,8,1,23.1,8,1,91,8,1,73,8,1,1009,8,1,1011.8,8,1,1010,0,8,1,9.8,8,1,曇一時雨後時々晴,8,1,曇時々晴,8,1,0,0,8,1
2015/9/28,27.8,8,1,19.3,8,1,23.3,8,1,0,1,8,1,9.2,0,8,1,2.5,8,1,5.3,8,南南東,8,1,10.3,8,北北西,8,1,南南東,8,1,20.5,8,1,73,8,1,48,8,1,1012.4,8,1,1015.2,8,1,1013.9,0,8,1,6,8,1,晴,8,1,曇時々晴,8,1,0,1,8,1
2015/9/29,26.6,8,1,19.6,8,1,22.7,8,1,0,0,8,1,4.2,0,8,1,2.8,8,1,5.3,8,北西,8,1,12.1,8,北北西,8,1,北北西,8,1,11.9,8,1,43,8,1,29,8,1,1015.7,8,1,1018.5,8,1,1016.1,0,8,1,9.3,8,1,曇一時晴,8,1,曇時々晴,8,1,0,0,8,1
2015/9/30,25.8,8,1,17.3,8,1,20.9,8,1,0,1,8,1,8.9,0,8,1,4.1,8,1,7.6,8,北西,8,1,14.5,8,西北西,8,1,北西,8,1,10.3,8,1,43,8,1,22,8,1,1018.8,8,1,1021.7,8,1,1020.3,0,8,1,4.5,8,1,晴時々薄曇,8,1,晴後曇,8,1,0,1,8,1
2015/10/1,23.4,8,1,14.8,8,1,19.4,8,1,7.5,0,8,1,1.2,0,8,1,3.9,8,1,10.9,8,南南西,8,1,21.7,8,南南西,8,1,南,8,1,18,8,1,79,8,1,55,8,1,1011.1,8,1,1014,8,1,1001.6,0,8,1,10,8,1,曇後雨,8,1,雨時々曇、雷を伴う,8,1,1,0,8,1
2015/10/2,28.1,8,1,18.7,8,1,23.2,8,1,22,0,8,1,3.6,0,8,1,4.2,8,1,10.9,8,南南西,8,1,19.5,8,南南西,8,1,北西,8,1,19.8,8,1,71,8,1,38,8,1,1002.1,8,1,1004.8,8,1,994.1,0,8,1,7.5,8,1,曇時々晴一時雨,8,1,晴時々曇,8,1,7.5,0,8,1
2015/10/3,26.7,8,1,18.3,8,1,21.7,8,1,0,1,8,1,9.7,0,8,1,1.9,8,1,4.9,8,南東,8,1,8.2,8,南東,8,1,南,8,1,17.6,8,1,68,8,1,51,8,1,1011.5,8,1,1014.3,8,1,1012.6,0,8,1,5.8,8,1,晴,8,1,晴,8,1,0,1,8,1
2015/10/4,27.1,8,1,17.1,8,1,21.3,8,1,0,0,8,1,7.9,0,8,1,2.9,8,1,6.8,8,東北東,8,1,12.4,8,東北東,8,1,東北東,8,1,16.3,8,1,65,8,1,43,8,1,1016.8,8,1,1019.6,8,1,1015.9,0,8,1,7.5,8,1,晴時々曇,8,1,曇,8,1,0,0,8,1
2015/10/5,20.1,8,1,16.4,8,1,17.9,8,1,0,0,8,1,0.3,0,8,1,2.9,8,1,5.6,8,北東,8,1,10.6,8,北東,8,1,北東,8,1,10.2,8,1,50,8,1,40,8,1,1020.3,8,1,1023.2,8,1,1021.5,0,8,1,10,8,1,曇,8,1,曇後時々晴,8,1,0,0,8,1
2015/10/6,22.4,8,1,13.9,8,1,17.7,8,1,0,1,8,1,7.8,0,8,1,2.9,8,1,5.4,8,東北東,8,1,10.6,8,東北東,8,1,北,8,1,12.2,8,1,61,8,1,37,8,1,1016.5,8,1,1019.4,8,1,1016.8,0,8,1,5.8,8,1,晴,8,1,晴,8,1,0,1,8,1
2015/10/7,22.4,8,1,13.8,8,1,17.5,8,1,0,1,8,1,11.1,0,8,1,3.7,8,1,7.4,8,北北東,8,1,15.2,8,北東,8,1,北北西,8,1,9.5,8,1,49,8,1,26,8,1,1009.3,8,1,1012.1,8,1,1006,0,8,1,1.5,8,1,快晴,8,1,快晴,8,1,0,1,8,1
2015/10/8,24.6,8,1,12.1,8,1,19.4,8,1,0,1,8,1,11.1,0,8,1,5.1,8,1,10.5,8,北西,8,1,18,8,西,8,1,北西,8,1,8,8,1,37,8,1,23,8,1,999.8,8,1,1002.6,8,1,999.6,0,8,1,0,8,1,快晴,8,1,快晴,8,1,0,1,8,1
2015/10/9,25.5,8,1,15.3,8,1,20.2,8,1,0,1,8,1,9.7,0,8,1,3.7,8,1,6.4,8,南,8,1,10.8,8,南,8,1,南,8,1,11.6,8,1,49,8,1,26,8,1,1004.2,8,1,1007,8,1,1002.9,0,8,1,2.8,8,1,晴時々薄曇,8,1,晴,8,1,0,1,8,1
2015/10/10,20.4,8,1,14.6,8,1,18.3,8,1,0,0,8,1,0.7,0,8,1,2.5,8,1,6.1,8,南,8,1,11.1,8,南,8,1,南,8,1,15.8,8,1,75,8,1,58,8,1,1010.3,8,1,1013.2,8,1,1009.6,0,8,1,8,8,1,曇一時晴,8,1,雨一時曇,8,1,0,0,8,1
2015/10/11,21,8,1,16.4,8,1,18.9,8,1,15,0,8,1,0.1,0,8,1,2.3,8,1,5.5,8,南南西,8,1,9.9,8,南,8,1,南南西,8,1,19,8,1,87,8,1,64,8,1,1007.3,8,1,1010.1,8,1,1006.8,0,8,1,10,8,1,雨時々曇,8,1,曇後一時晴,8,1,2,0,8,1
2015/10/12,23.1,8,1,15.4,8,1,18.7,8,1,0,1,8,1,7.3,0,8,1,2,8,1,3.8,8,南南東,8,1,5.8,8,南南西,8,1,北西,8,1,15.3,8,1,72,8,1,44,8,1,1008.7,8,1,1011.6,8,1,1010,0,8,1,4,8,1,晴一時曇,8,1,晴後一時曇,8,1,0,1,8,1
2015/10/13,24.2,8,1,14.2,8,1,18.8,8,1,0,1,8,1,10.1,0,8,1,2.2,8,1,4.9,8,北西,8,1,7.7,8,北西,8,1,北西,8,1,12.2,8,1,58,8,1,35,8,1,1009.5,8,1,1012.3,8,1,1010.1,0,8,1,3,8,1,晴後一時曇,8,1,晴後時々曇,8,1,0,1,8,1
2015/10/14,23.2,8,1,14.9,8,1,18.4,8,1,0,1,8,1,6.7,0,8,1,2.3,8,1,4.3,8,南,8,1,7.7,8,北西,8,1,北北西,8,1,10.7,8,1,51,8,1,36,8,1,1014.9,8,1,1017.7,8,1,1014.7,0,8,1,7.3,8,1,晴時々曇,8,1,晴時々曇,8,1,0,1,8,1
2015/10/15,23.1,8,1,13.7,8,1,18.8,8,1,0.5,0,8,1,8.3,0,8,1,2.4,8,1,4.8,8,南南東,8,1,8,8,南東,8,1,北北西,8,1,13.4,8,1,62,8,1,42,8,1,1017.7,8,1,1020.6,8,1,1018.7,0,8,1,6,8,1,晴後薄曇,8,1,雨時々曇,8,1,0.5,0,8,1
2015/10/16,17.6,8,1,14.9,8,1,15.6,8,1,7,0,8,1,0,0,8,1,2.6,8,1,4.4,8,北北西,8,1,7.2,8,北,8,1,北北西,8,1,16.8,8,1,95,8,1,88,8,1,1017.2,8,1,1020.1,8,1,1018.6,0,8,1,10,8,1,雨時々曇,8,1,雨時々曇,8,1,0.5,0,8,1
2015/10/17,20.3,8,1,15.7,8,1,17.5,8,1,5,0,8,1,0,0,8,1,2.2,8,1,3.9,8,東北東,8,1,6.9,8,東北東,8,1,北北西,8,1,18.5,8,1,93,8,1,79,8,1,1016.1,8,1,1019,8,1,1018,0,8,1,10,8,1,曇一時雨,8,1,曇,8,1,1.5,0,8,1
2015/10/18,23.9,8,1,15.8,8,1,18.8,8,1,0,1,8,1,5.7,0,8,1,1.8,8,1,3.3,8,北東,8,1,6,8,北北東,8,1,北北東,8,1,16.7,8,1,78,8,1,49,8,1,1014.2,8,1,1017.1,8,1,1014.9,0,8,1,5.8,8,1,晴一時曇,8,1,快晴,8,1,0,1,8,1
2015/10/19,24.3,8,1,14.6,8,1,19,8,1,0,1,8,1,9.9,0,8,1,2.2,8,1,5.1,8,東北東,8,1,8.2,8,東北東,8,1,東北東,8,1,14.8,8,1,70,8,1,37,8,1,1013.9,8,1,1016.7,8,1,1015.2,0,8,1,0,8,1,快晴,8,1,曇時々晴,8,1,0,1,8,1
2015/10/20,23.9,8,1,15.5,8,1,19,8,1,0,1,8,1,6.9,0,8,1,1.9,8,1,4.4,8,南南西,8,1,6.6,8,南南西,8,1,北西,8,1,16.3,8,1,75,8,1,46,8,1,1012.1,8,1,1015,8,1,1012.8,0,8,1,10,8,1,薄曇後一時晴,8,1,曇,8,1,0,1,8,1
2015/10/21,20.8,8,1,15.3,8,1,17.2,8,1,0,1,8,1,3.2,0,8,1,2.4,8,1,5.2,8,東北東,8,1,11.2,8,東北東,8,1,北東,8,1,13.9,8,1,71,8,1,46,8,1,1016.4,8,1,1019.3,8,1,1015.8,0,8,1,10,8,1,曇後時々晴,8,1,晴一時曇,8,1,0,1,8,1
2015/10/22,23.2,8,1,13.5,8,1,17.4,8,1,0,1,8,1,7.2,0,8,1,2.4,8,1,5.3,8,東北東,8,1,9.5,8,東北東,8,1,東北東,8,1,14.3,8,1,73,8,1,52,8,1,1015.8,8,1,1018.7,8,1,1016.9,0,8,1,4.8,8,1,晴後一時曇,8,1,曇一時晴,8,1,0,1,8,1
2015/10/23,21.3,8,1,15.7,8,1,17.9,8,1,0,0,8,1,0.8,0,8,1,2,8,1,3.9,8,南南東,8,1,6.9,8,東北東,8,1,北北西,8,1,14.5,8,1,71,8,1,57,8,1,1017.1,8,1,1020,8,1,1018.4,0,8,1,10,8,1,曇,8,1,曇時々晴,8,1,0,0,8,1
2015/10/24,23.9,8,1,15.2,8,1,19,8,1,0,1,8,1,7.6,0,8,1,2.3,8,1,8.1,8,北西,8,1,13.3,8,北北西,8,1,南,8,1,15.7,8,1,73,8,1,52,8,1,1009.7,8,1,1012.5,8,1,1008,0,8,1,4,8,1,晴一時曇,8,1,快晴,8,1,0,1,8,1
2015/10/25,19.9,8,1,13.1,8,1,16.1,8,1,0,1,8,1,10,0,8,1,5.7,8,1,9.3,8,北西,8,1,18.4,8,西北西,8,1,北北西,8,1,5.8,8,1,32,8,1,22,8,1,1012.8,8,1,1015.7,8,1,1008.4,0,8,1,0,8,1,快晴,8,1,快晴,8,1,0,1,8,1
2015/10/26,20.4,8,1,11.7,8,1,15.5,8,1,0,1,8,1,9.5,0,8,1,3.1,8,1,6.4,8,北西,8,1,11.8,8,北西,8,1,南,8,1,8.1,8,1,46,8,1,28,8,1,1018.1,8,1,1021,8,1,1019.4,0,8,1,1.8,8,1,晴後一時薄曇,8,1,晴一時曇,8,1,0,1,8,1
2015/10/27,24.9,8,1,10.3,8,1,18.3,8,1,0,1,8,1,9.4,0,8,1,4.1,8,1,9.2,8,南,8,1,15.3,8,南,8,1,南,8,1,14.2,8,1,67,8,1,43,8,1,1012.4,8,1,1015.3,8,1,1010.2,0,8,1,5.5,8,1,晴一時薄曇,8,1,曇時々晴,8,1,0,1,8,1
2015/10/28,26.1,8,1,16.1,8,1,20.8,8,1,0,0,8,1,7.6,0,8,1,2.7,8,1,5.4,8,南,8,1,9.7,8,北東,8,1,北西,8,1,15.7,8,1,66,8,1,39,8,1,1006.3,8,1,1009.1,8,1,1006.4,0,8,1,5.8,8,1,晴後一時曇,8,1,曇時々雨,8,1,0,0,8,1
2015/10/29,19.1,8,1,15.4,8,1,17.1,8,1,0,0,8,1,0.7,0,8,1,2.3,8,1,4.6,8,北北東,8,1,8.1,8,北北東,8,1,北北東,8,1,13.3,8,1,68,8,1,56,8,1,1013.6,8,1,1016.5,8,1,1013,0,8,1,8.3,8,1,曇後時々晴,8,1,曇時々晴,8,1,0,0,8,1
2015/10/30,21.6,8,1,14,8,1,17.1,8,1,0,0,8,1,6.1,0,8,1,2.3,8,1,4.4,8,西北西,8,1,6.9,8,北西,8,1,北西,8,1,11.6,8,1,60,8,1,38,8,1,1014.6,8,1,1017.5,8,1,1015.5,0,8,1,8.5,8,1,曇時々晴,8,1,薄曇,8,1,0,0,8,1
2015/10/31,16.6,8,1,11.8,8,1,14.4,8,1,0,1,8,1,1.1,0,8,1,2.6,8,1,4.8,8,北東,8,1,9,8,北北東,8,1,北東,8,1,10,8,1,61,8,1,50,8,1,1019.9,8,1,1022.8,8,1,1019.7,0,8,1,9.3,8,1,曇後一時晴,8,1,晴時々曇,8,1,0,1,8,1
2015/11/1,17.4,8,1,9.5,8,1,13.1,8,1,0,1,8,1,8.6,0,8,1,1.7,8,1,3,8,北東,8,1,5.3,8,北東,8,1,北,8,1,9.1,8,1,61,8,1,35,8,1,1023,8,1,1025.9,8,1,1024.7,0,8,1,6,8,1,薄曇時々晴,8,1,曇時々雨,8,1,0,1,8,1
2015/11/2,15.3,8,1,9.6,8,1,12.7,8,1,38,0,8,1,0,0,8,1,2.6,8,1,7.1,8,北西,8,1,10.4,8,北北西,8,1,北北西,8,1,13.3,8,1,90,8,1,63,8,1,1015,8,1,1017.9,8,1,1012.4,0,8,1,10,8,1,大雨時々曇,8,1,曇時々雨後一時晴,8,1,3,0,8,1
2015/11/3,21.3,8,1,12.3,8,1,16.2,8,1,0,0,8,1,8.7,0,8,1,2.6,8,1,6.4,8,北西,8,1,11.4,8,北西,8,1,北北西,8,1,11.1,8,1,63,8,1,31,8,1,1019.8,8,1,1022.6,8,1,1015.8,0,8,1,4,8,1,晴,8,1,晴一時曇,8,1,0,0,8,1
2015/11/4,20.1,8,1,9.6,8,1,14.4,8,1,0,1,8,1,9.8,0,8,1,2,8,1,4.4,8,南東,8,1,6.5,8,南東,8,1,北西,8,1,10.4,8,1,64,8,1,40,8,1,1028.3,8,1,1031.3,8,1,1029.8,0,8,1,0,8,1,快晴,8,1,快晴,8,1,0,1,8,1
2015/11/5,21.1,8,1,10.3,8,1,15.1,8,1,0,1,8,1,8.2,0,8,1,2,8,1,3.5,8,西北西,8,1,5.4,8,南南東,8,1,北北西,8,1,11.9,8,1,70,8,1,46,8,1,1024.7,8,1,1027.6,8,1,1024.9,0,8,1,3.8,8,1,晴,8,1,晴,8,1,0,1,8,1
2015/11/6,22.2,8,1,10.5,8,1,16.4,8,1,0,1,8,1,9.6,0,8,1,2,8,1,4.1,8,北北西,8,1,6.5,8,北北西,8,1,北,8,1,11.7,8,1,64,8,1,39,8,1,1022.2,8,1,1025.1,8,1,1023.1,0,8,1,0,8,1,快晴,8,1,晴時々曇,8,1,0,1,8,1
2015/11/7,20.9,8,1,13,8,1,16.5,8,1,0,0,8,1,2.1,0,8,1,2.3,8,1,4.6,8,東北東,8,1,7.9,8,東南東,8,1,東北東,8,1,13.8,8,1,74,8,1,59,8,1,1024.8,8,1,1027.7,8,1,1026.2,0,8,1,7.8,8,1,曇一時晴,8,1,曇,8,1,0,0,8,1
2015/11/8,17.9,8,1,14.2,8,1,15.2,8,1,14,0,8,1,0,0,8,1,1.5,8,1,4.2,8,南,8,1,8.8,8,南,8,1,北北西,8,1,16.1,8,1,93,8,1,79,8,1,1019.2,8,1,1022.1,8,1,1014.8,0,8,1,10,8,1,雨一時曇,8,1,雨時々曇,8,1,1,0,8,1
2015/11/9,22.9,8,1,14.9,8,1,18.2,8,1,1,0,8,1,0,0,8,1,2.3,8,1,5.9,8,南南西,8,1,13.2,8,南南東,8,1,北西,8,1,19.5,8,1,93,8,1,79,8,1,1007.9,8,1,1010.8,8,1,1008.5,0,8,1,10,8,1,曇一時雨,8,1,雨時々曇,8,1,0.5,0,8,1
2015/11/10,18.2,8,1,13.8,8,1,16.5,8,1,7.5,0,8,1,0,0,8,1,2.1,8,1,3.6,8,北北東,8,1,7,8,東北東,8,1,北東,8,1,17.6,8,1,94,8,1,79,8,1,1011.5,8,1,1014.4,8,1,1009.4,0,8,1,10,8,1,雨時々曇,8,1,曇時々雨,8,1,2.5,0,8,1
2015/11/11,18.4,8,1,12.5,8,1,14.9,8,1,0,0,8,1,6.1,0,8,1,2.2,8,1,4.7,8,東,8,1,8.2,8,東南東,8,1,北,8,1,9.8,8,1,58,8,1,41,8,1,1023.3,8,1,1026.2,8,1,1020.3,0,8,1,9.3,8,1,晴後曇,8,1,曇,8,1,0,0,8,1
2015/11/12,17.1,8,1,12,8,1,13.4,8,1,0,1,8,1,1.4,0,8,1,2.8,8,1,5,8,北北東,8,1,9,8,北北東,8,1,北北東,8,1,9.4,8,1,61,8,1,51,8,1,1028.6,8,1,1031.5,8,1,1030.5,0,8,1,10,8,1,曇一時晴,8,1,曇,8,1,0,1,8,1
2015/11/13,16.8,8,1,10,8,1,13.1,8,1,0,0,8,1,2,0,8,1,2.3,8,1,4,8,北西,8,1,7.6,8,北北東,8,1,北,8,1,10.4,8,1,69,8,1,54,8,1,1027.6,8,1,1030.5,8,1,1028.5,0,8,1,8.3,8,1,曇一時晴,8,1,曇一時雨,8,1,0,0,8,1
2015/11/14,14,8,1,12.2,8,1,13,8,1,17.5,0,8,1,0,0,8,1,2.5,8,1,5,8,北北西,8,1,8.5,8,北北西,8,1,北北西,8,1,13.8,8,1,92,8,1,82,8,1,1019.9,8,1,1022.8,8,1,1015,0,8,1,10,8,1,雨一時曇,8,1,雨,8,1,1.5,0,8,1
2015/11/15,20,8,1,13.6,8,1,16,8,1,8.5,0,8,1,2.3,0,8,1,1.8,8,1,4.3,8,北西,8,1,7.3,8,北西,8,1,西北西,8,1,16.3,8,1,90,8,1,55,8,1,1009.2,8,1,1012.1,8,1,1008.7,0,8,1,7,8,1,雨一時曇後晴,8,1,快晴,8,1,1,0,8,1
2015/11/16,21.2,5,1,12.2,8,1,17.2,8,1,0,0,8,1,6,0,5,1,2.4,5,1,5.9,5,南東),5,1,8.6,5,南東),5,1,南南東,8,1,14.1,8,1,72,8,1,57,5,1,1017.4,8,1,1020.3,8,1,1016.3,0,8,1,5.3,8,1,晴後曇,8,1,曇時々雨,8,1,0,0,8,1
2015/11/17,23.7,8,1,15.6,8,1,18.5,8,1,3,0,8,1,3.8,0,5,1,1.8,5,1,4,5,北西),5,1,7.1,5,南),5,1,北北西,8,1,17.2,8,1,82,8,1,51,8,1,1015.2,8,1,1018.1,8,1,1015.6,0,8,1,9.5,8,1,曇一時晴後時々雨,8,1,雨後曇時々晴,8,1,0.5,0,8,1
2015/11/18,20.8,8,1,14.4,8,1,16.7,8,1,13,0,8,1,2.5,0,8,1,2.2,8,1,4.7,8,東北東,8,1,8.2,8,北北東,8,1,北東,8,1,17.5,8,1,92,8,1,68,8,1,1013.3,8,1,1016.2,8,1,1010.7,0,8,1,10,8,1,曇後時々雨,8,1,雨後時々曇,8,1,1.5,0,8,1
2015/11/19,18.6,8,1,12,8,1,14.5,8,1,7,0,8,1,6,0,8,1,2.8,8,1,5,8,東北東,8,1,8.8,8,北東,8,1,東北東,8,1,12,8,1,73,8,1,52,8,1,1015.2,8,1,1018.1,8,1,1011,0,8,1,8.8,8,1,晴一時曇,8,1,曇一時晴,8,1,1,0,8,1
2015/11/20,15,8,1,11.4,8,1,13.7,8,1,0,0,8,1,0,0,8,1,1.7,8,1,3,8,北東,8,1,5.3,8,北東,8,1,北北西,8,1,11.9,8,1,76,8,1,61,8,1,1018,8,1,1020.9,8,1,1019.2,0,8,1,8.8,8,1,曇一時雨,8,1,晴一時曇,8,1,0,0,8,1
2015/11/21,20.8,8,1,10.1,8,1,15.5,8,1,0,1,8,1,6.1,0,8,1,2.3,8,1,5.9,8,北西,8,1,10.4,8,北西,8,1,北西,8,1,10.9,8,1,64,8,1,41,8,1,1020.5,8,1,1023.4,8,1,1020.2,0,8,1,5.8,8,1,晴後曇,8,1,曇,8,1,0,1,8,1
2015/11/22,15.2,8,1,11.7,8,1,13.1,8,1,0,1,8,1,0,0,8,1,2,8,1,3,8,北西,8,1,6.5,8,北北西,8,1,北北西,8,1,10.2,8,1,67,8,1,56,8,1,1025.8,8,1,1028.7,8,1,1027.5,0,8,1,10,8,1,曇,8,1,曇,8,1,0,1,8,1
2015/11/23,13.2,8,1,11,8,1,12.2,8,1,0.5,0,8,1,0,0,8,1,2.6,8,1,4.2,8,北北西,8,1,7.4,8,北西,8,1,北北西,8,1,12,8,1,84,8,1,70,8,1,1022.1,8,1,1025,8,1,1019.5,0,8,1,10,8,1,曇一時雨,8,1,雨後一時曇,8,1,0.5,0,8,1
2015/11/24,18.7,8,1,11.4,8,1,14.3,8,1,2,0,8,1,6.7,0,8,1,2.5,8,1,8.2,8,北北西,8,1,16.1,8,北北西,8,1,北,8,1,11.9,8,1,73,8,1,38,8,1,1011.9,8,1,1014.8,8,1,1010.7,0,8,1,5.3,8,1,薄曇後晴,8,1,晴後曇,8,1,0.5,0,8,1
2015/11/25,12,8,1,5.5,8,1,8.7,8,1,7,0,8,1,0,0,8,1,3,8,1,5.4,8,北西,8,1,10.1,8,北北東,8,1,北北東,8,1,8.3,8,1,75,8,1,45,8,1,1015.1,8,1,1018,8,1,1015.4,0,8,1,10,8,1,曇時々雨,8,1,雨一時曇,8,1,0.5,0,8,1
2015/11/26,11.5,8,1,5.4,8,1,8.7,8,1,20.5,0,8,1,0.1,0,8,1,2.9,8,1,5.9,8,北西,8,1,11,8,北西,8,1,北北西,8,1,10.3,8,1,91,8,1,77,8,1,1005.1,8,1,1008,8,1,1004.2,0,8,1,10,8,1,雨後曇,8,1,曇後晴,8,1,1.5,0,8,1
2015/11/27,14.7,8,1,6.2,8,1,9.9,8,1,0,1,8,1,9.2,0,8,1,2.7,8,1,6.9,8,西南西,8,1,14.1,8,西,8,1,北西,8,1,6.6,8,1,58,8,1,17,8,1,1006.8,8,1,1009.7,8,1,1003.7,0,8,1,0.3,8,1,快晴,8,1,快晴,8,1,0,1,8,1
2015/11/28,15.7,8,1,3.9,8,1,9.4,8,1,0,1,8,1,9.2,0,8,1,1.7,8,1,3.5,8,北西,8,1,5.9,8,北北西,8,1,南,8,1,6.3,8,1,55,8,1,23,8,1,1017.4,8,1,1020.4,8,1,1017.8,0,8,1,0,8,1,快晴,8,1,快晴,8,1,0,1,8,1
2015/11/29,14.5,8,1,6.1,8,1,10.4,8,1,0,1,8,1,7.1,0,8,1,2,8,1,3.8,8,北北西,8,1,6.5,8,北北東,8,1,北北西,8,1,7.2,8,1,58,8,1,34,8,1,1021.9,8,1,1024.9,8,1,1023.2,0,8,1,7.8,8,1,晴後薄曇,8,1,曇一時晴,8,1,0,1,8,1
2015/11/30,14.3,8,1,6.5,8,1,10,8,1,0,1,8,1,4.6,0,8,1,1.9,8,1,3.5,8,北西,8,1,5.3,8,北西,8,1,北西,8,1,8.4,8,1,69,8,1,53,8,1,1018.7,8,1,1021.6,8,1,1019.3,0,8,1,6.5,8,1,晴時々薄曇,8,1,快晴,8,1,0,1,8,1
2015/12/1,16.2,8,1,5.6,8,1,10.8,8,1,0,1,8,1,9,0,8,1,2,8,1,4.2,8,北西,8,1,7.9,8,北北東,8,1,北北西,8,1,7.6,8,1,62,8,1,35,8,1,1019.4,8,1,1022.3,8,1,1019.2,0,8,1,2.3,8,1,快晴,8,1,晴時々曇,8,1,0,1,8,1
2015/12/2,11.3,8,1,8,8,1,9.5,8,1,1,0,8,1,0,0,8,1,2,8,1,4.1,8,北北西,8,1,6.4,8,北西,8,1,北北西,8,1,8,8,1,68,8,1,50,8,1,1021.1,8,1,1024.1,8,1,1016.2,0,8,1,8,8,1,曇一時雨,8,1,曇時々雨,8,1,0.5,0,8,1
2015/12/3,13.5,8,1,8.5,8,1,10.5,8,1,1.5,0,8,1,0.2,0,8,1,1.7,8,1,4.7,8,北西,8,1,7.4,8,北西,8,1,北西,8,1,11.2,8,1,88,8,1,52,8,1,1000.8,8,1,1003.7,8,1,997.7,0,8,1,9,8,1,曇時々雨,8,1,晴一時曇,8,1,0.5,0,8,1
2015/12/4,14.2,8,1,5.4,8,1,9.9,8,1,0,1,8,1,9,0,8,1,4.2,8,1,8.1,8,南南西,8,1,15.2,8,南南西,8,1,南南西,8,1,5.1,8,1,43,8,1,27,8,1,1002.3,8,1,1005.3,8,1,1000.7,0,8,1,0.3,8,1,快晴,8,1,快晴,8,1,0,1,8,1
2015/12/5,16.1,8,1,4.4,8,1,9.8,8,1,0,1,8,1,9,0,8,1,1.7,8,1,5.1,8,南南東,8,1,7.8,8,南南東,8,1,南南西,8,1,6.6,8,1,56,8,1,28,8,1,1010.3,8,1,1013.2,8,1,1010.2,0,8,1,1,8,1,晴,8,1,晴後一時薄曇,8,1,0,1,8,1
2015/12/6,13.1,8,1,6.8,8,1,10.6,8,1,0,1,8,1,4.7,0,8,1,2.6,8,1,6,8,北西,8,1,10.5,8,北北西,8,1,北北西,8,1,5.4,8,1,43,8,1,31,8,1,1019.7,8,1,1022.7,8,1,1016.7,0,8,1,9.3,8,1,曇一時晴,8,1,曇後一時晴,8,1,0,1,8,1
2015/12/7,12.6,8,1,5.7,8,1,9.2,8,1,0,1,8,1,7.5,0,8,1,2.2,8,1,4,8,東北東,8,1,7,8,東北東,8,1,東北東,8,1,6,8,1,51,8,1,35,8,1,1024,8,1,1027,8,1,1025.3,0,8,1,7.5,8,1,晴後一時薄曇,8,1,曇時々晴,8,1,0,1,8,1
2015/12/8,11.3,8,1,5.7,8,1,8,8,1,0,0,8,1,2.3,0,8,1,2.4,8,1,4,8,北東,8,1,6.9,8,北東,8,1,北北西,8,1,6.4,8,1,60,8,1,42,8,1,1025.6,8,1,1028.6,8,1,1026.5,0,8,1,5.3,8,1,曇後晴,8,1,快晴,8,1,0,0,8,1
2015/12/9,12.7,8,1,2.8,8,1,7.5,8,1,0,1,8,1,8.7,0,8,1,1.9,8,1,3.3,8,南南東,8,1,5.3,8,南東,8,1,北西,8,1,6.5,8,1,64,8,1,39,8,1,1029.9,8,1,1032.9,8,1,1031,0,8,1,2.5,8,1,晴後一時薄曇,8,1,晴後一時薄曇,8,1,0,1,8,1
2015/12/10,12.8,8,1,4.7,8,1,8.8,8,1,5.5,0,8,1,2.3,0,8,1,1.5,8,1,3.1,8,北北西,8,1,6.2,8,北西,8,1,北西,8,1,7.8,8,1,69,8,1,47,8,1,1024.2,8,1,1027.2,8,1,1017.4,0,8,1,6.8,8,1,曇一時晴,8,1,雨一時曇,8,1,1.5,0,8,1
2015/12/11,24.1,8,1,6.9,8,1,14.7,8,1,64,0,8,1,4.9,0,8,1,4.6,8,1,11,8,南南西,8,1,22,8,南西,8,1,北西,8,1,12.1,8,1,74,8,1,45,8,1,998.4,8,1,1001.3,8,1,989.2,0,8,1,7.3,8,1,大雨後晴時々曇,8,1,曇一時晴,8,1,4.5,0,8,1
2015/12/12,15.6,8,1,10.1,8,1,12.6,8,1,0,1,8,1,5.1,0,8,1,2.7,8,1,5.6,8,北北東,8,1,12,8,北北西,8,1,東北東,8,1,7.8,8,1,54,8,1,40,8,1,1017.2,8,1,1020.2,8,1,1009.1,0,8,1,8.3,8,1,晴一時曇,8,1,曇時々晴,8,1,0,1,8,1
2015/12/13,11,8,1,9.5,8,1,10.2,8,1,1.5,0,8,1,0,0,8,1,2.3,8,1,4.5,8,北北西,8,1,6.8,8,北西,8,1,北北西,8,1,10.1,8,1,81,8,1,64,8,1,1017.5,8,1,1020.5,8,1,1018.6,0,8,1,10,8,1,雨後一時曇,8,1,曇一時雨,8,1,0.5,0,8,1
2015/12/14,13.9,8,1,10.2,8,1,11.6,8,1,0,0,8,1,0.8,0,8,1,2.5,8,1,4.3,8,北北東,8,1,8.1,8,北東,8,1,北北東,8,1,10.3,8,1,76,8,1,63,8,1,1018.1,8,1,1021,8,1,1019.3,0,8,1,10,8,1,曇,8,1,曇,8,1,0,0,8,1
2015/12/15,14.9,8,1,9.6,8,1,11.5,8,1,0,1,8,1,0.4,0,8,1,1.7,8,1,3.6,8,北北西,8,1,5.9,8,北北西,8,1,北北西,8,1,9.7,8,1,72,8,1,57,8,1,1013.2,8,1,1016.2,8,1,1010.5,0,8,1,9.8,8,1,曇時々晴,8,1,晴一時曇,8,1,0,1,8,1
2015/12/16,17.4,8,1,8,8,1,12.9,8,1,0,0,8,1,8.3,0,8,1,1.8,8,1,4.4,8,東北東,8,1,7.9,8,東北東,8,1,北北東,8,1,11,8,1,75,8,1,56,8,1,1003.6,8,1,1006.5,8,1,1003,0,8,1,2.5,8,1,晴後一時曇,8,1,曇後一時晴,8,1,0,0,8,1
2015/12/17,13.4,8,1,6.2,8,1,10.1,8,1,0,0,8,1,1.4,0,8,1,3.2,8,1,7.2,8,北西,8,1,14.6,8,北西,8,1,北西,8,1,5.4,8,1,43,8,1,31,8,1,1007.8,8,1,1010.8,8,1,1005.1,0,8,1,9.8,8,1,曇一時晴,8,1,晴一時曇,8,1,0,0,8,1
2015/12/18,11.8,8,1,3.2,8,1,7.8,8,1,0,1,8,1,8.9,0,8,1,3.2,8,1,6.3,8,北西,8,1,11.2,8,北西,8,1,北西,8,1,4.2,8,1,41,8,1,26,8,1,1019.7,8,1,1022.7,8,1,1018,0,8,1,2,8,1,快晴,8,1,晴時々曇,8,1,0,1,8,1
2015/12/19,12.1,8,1,3.1,8,1,7.1,8,1,0,1,8,1,9,0,8,1,3.3,8,1,7.2,8,北北西,8,1,13.8,8,北西,8,1,北西,8,1,4.3,8,1,44,8,1,29,8,1,1023.6,8,1,1026.6,8,1,1022.5,0,8,1,0,8,1,快晴,8,1,快晴,8,1,0,1,8,1
2015/12/20,11.1,8,1,2.1,8,1,6.9,8,1,0,0,8,1,8.9,0,8,1,1.7,8,1,3.1,8,北西,8,1,5.9,8,北,8,1,北北西,8,1,4.7,8,1,47,8,1,27,8,1,1027.3,8,1,1030.3,8,1,1027.1,0,8,1,2.5,8,1,快晴,8,1,曇,8,1,0,0,8,1
2015/12/21,13.3,8,1,5.6,8,1,8.8,8,1,0,1,8,1,1.5,0,8,1,1.6,8,1,3.4,8,北北西,8,1,5.2,8,北西,8,1,北北西,8,1,5.9,8,1,52,8,1,38,8,1,1018.5,8,1,1021.5,8,1,1017.7,0,8,1,7,8,1,曇時々晴,8,1,快晴,8,1,0,1,8,1
2015/12/22,15.9,8,1,7.3,8,1,11,8,1,0,1,8,1,8.9,0,8,1,3.4,8,1,6.6,8,北西,8,1,12.7,8,北西,8,1,北北西,8,1,5.4,8,1,42,8,1,30,8,1,1021.5,8,1,1024.5,8,1,1019.7,0,8,1,2.3,8,1,晴後一時曇,8,1,曇時々晴,8,1,0,1,8,1
2015/12/23,8.6,8,1,5.5,8,1,6.8,8,1,4,0,8,1,0,0,8,1,2.4,8,1,4.2,8,北西,8,1,6.8,8,北西,8,1,北北西,8,1,6.2,8,1,63,8,1,42,8,1,1023.2,8,1,1026.2,8,1,1018.7,0,8,1,9.5,8,1,曇後時々雨,8,1,雨一時曇,8,1,1,0,8,1
2015/12/24,15.4,8,1,5.5,8,1,10.3,8,1,5,0,8,1,3.9,0,8,1,2.3,8,1,4.4,8,南東,8,1,7.1,8,東南東,8,1,北北西,8,1,10.1,8,1,82,8,1,62,8,1,1009.8,8,1,1012.7,8,1,1009.2,0,8,1,10,8,1,曇後時々晴,8,1,曇後一時晴,8,1,0.5,0,8,1
2015/12/25,15,8,1,7.6,8,1,10.9,8,1,0,0,8,1,6.5,0,8,1,3.2,8,1,7.1,8,北北西,8,1,14.7,8,北北西,8,1,北北西,8,1,7.5,8,1,58,8,1,31,8,1,1005.1,8,1,1008,8,1,1005.4,0,8,1,7.8,8,1,薄曇後晴,8,1,曇一時晴,8,1,0,0,8,1
2015/12/26,12.5,8,1,5.8,8,1,8.5,8,1,0,1,8,1,7.6,0,8,1,2.3,8,1,4.3,8,南西,8,1,8.7,8,北北西,8,1,南南西,8,1,5.2,8,1,47,8,1,38,8,1,1009.2,8,1,1012.1,8,1,1010.5,0,8,1,3.3,8,1,晴一時曇,8,1,快晴,8,1,0,1,8,1
2015/12/27,10.5,8,1,3.7,8,1,7.3,8,1,0,1,8,1,3.7,0,8,1,3.3,8,1,6,8,北西,8,1,10.7,8,北西,8,1,北北西,8,1,4.3,8,1,42,8,1,27,8,1,1013.9,8,1,1016.9,8,1,1011,0,8,1,4.8,8,1,晴後曇,8,1,晴一時曇,8,1,0,1,8,1
2015/12/28,10.6,8,1,2.6,8,1,6,8,1,0,1,8,1,7.9,0,8,1,2.4,8,1,4.7,8,北北西,8,1,8.4,8,北北西,8,1,北西,8,1,3.4,8,1,37,8,1,24,8,1,1018.4,8,1,1021.4,8,1,1019.4,0,8,1,4,8,1,晴,8,1,晴,8,1,0,1,8,1
2015/12/29,11.5,8,1,1.9,8,1,6.3,8,1,0,1,8,1,8.8,0,8,1,2.5,8,1,4.9,8,北西,8,1,9.8,8,北北西,8,1,北西,8,1,3.7,8,1,39,8,1,22,8,1,1019.7,8,1,1022.7,8,1,1019.1,0,8,1,0,8,1,快晴,8,1,晴後一時曇,8,1,0,1,8,1
2015/12/30,11,8,1,4,8,1,7.2,8,1,0,0,8,1,7.6,0,8,1,2.3,8,1,4.5,8,北西,8,1,7.4,8,北西,8,1,北北西,8,1,4.1,8,1,40,8,1,30,8,1,1023,8,1,1026,8,1,1024.9,0,8,1,6.3,8,1,晴一時曇,8,1,晴時々曇,8,1,0,0,8,1
2015/12/31,11,8,1,3.2,8,1,6.6,8,1,0,1,8,1,5.2,0,8,1,2,8,1,3.4,8,北北西,8,1,6,8,北北西,8,1,北北西,8,1,6.1,8,1,62,8,1,43,8,1,1019.5,8,1,1022.5,8,1,1019.5,0,8,1,6,8,1,晴一時曇,8,1,快晴,8,1,0,1,8,1
